orgname,orgid,orgactive,orglicense,fifteendaystart,orgstatus
HIGHWATER FARMS,163,1,603172306,1395832502,1
TUMBLEWEED FARM,164,1,603324694,1395746102,1
CANNAMAN FARMS,165,1,603325727,1395227702,1
HERBAN MYTH,166,1,603346938,1402139703,1
NINE POINT GROWTH INDUSTRIES,167,1,603340680,1394194502,1
KOUCHLOCK PRODUCTIONS,168,1,603104650,1394021793,1
DOWNTOWN CANNABIS COMPANY,169,1,603312134,1394194502,1
SEA OF GREEN FARMS,170,1,603285081,1395141302,1
GREEN MATTER,172,1,603345936,1398424503,1
PHAT N STICKY,173,1,603333486,1395918902,1
CRESCOMAX,174,1,603342714,1408176903,1
TROPIC GROW,175,1,603340376,1396437302,1
THE CALYX COMPANY,176,1,603349311,1402139703,1
QUINCE FARM,177,0,603337583,1399115702,0
STARCRISP FARMS,178,1,603350929,1408695303,1
ENVIRONMENTAL GREEN,179,1,603352191,1397646902,1
DRAGON HIGH,180,1,603318987,1396523702,1
FIRE HOUSE PRODUCTIONS,181,1,603347869,1398856503,1
OM SHIV,182,1,603310532,1408608904,1
EMERALD TWIST,187,1,603282424,1398424503,1
GECKO GROWERS,190,1,603346651,1399029302,1
URBAN FARMS OF WASHINGTON,191,1,603306798,1404980103,1
BUDDY BOY FARMS,192,1,602216943,1397906102,1
THE GREEN SURFER,193,1,603351062,1398424503,1
MAGU CORP,194,1,603349049,1426666506,1
AGRIJUANA,195,1,603357954,1405152904,1
SATURN GROUP,196,1,603344149,1409818512,1
WOW WEED,197,1,603356492,1397646902,1
FIREWEED FARMS,198,1,601673067,1397301302,1
MONKEY GRASS FARMS,199,1,603321504,1397906102,1
GREEN APPLE,200,1,603586864,1397646902,1
BLEWETT PASS FARMS,201,1,603348951,1398856503,1
PENINSULA ORGANICS,202,0,603334435,1397042103,0
AURICAG,203,1,603345803,1397733302,1
J D,204,1,603337388,1401362103,1
DOCANDYETI'S,205,1,603316419,1402744503,1
ZION BOTANICALS,207,1,603350288,1405671305,1
HYDRO LIGHT,208,1,602932545,1399634102,1
DUTCH BROTHERS,209,1,603340691,1398856503,1
COPPERHEAD FARM,210,1,603324540,1402398902,1
YIELD FARMS LLC,211,1,603507895,1399374902,1
AVITAS,212,1,603271186,1403262903,1
G-7 GROW,213,1,603353387,1399115702,1
GREEN LABS,214,1,603348825,1399720502,1
BMF WASHINGTON,215,1,603348427,1400238903,1
MARIJUANA AND MORE,216,1,601280167,1402139703,1
GENSYS ONE,217,1,603349487,1404893702,1
ALPHA BUDZ,218,1,603350893,1400325302,1
VIRTUAL SERVICES,219,1,603298343,1400066102,1
NUGREEN,220,1,603348477,1400325302,1
OLYMPIC GROWERS,223,1,603348104,1402398902,1
MR. NICE GUY,224,0,603333007,1400066102,0
COUNTRY GARDENS 502,225,1,603347707,1437552909,1
GAIA INDUSTRIES,226,1,603297007,1400584503,1
LEGAL BEVERAGES,227,1,603340411,1406189704,1
DEEPWATER BOTANICALS,228,1,603349212,1400066102,1
TWELFTH MAN MARY LLC,229,1,603336629,1404893703,1
BILLIFER'S BAKED BUDS,230,1,603357379,1401794103,1
CPNL,231,1,603269197,1401448503,1
THE MARKET GARDEN,232,1,602378640,1400843702,1
HAPPY VALLEY FARMS,233,1,603456166,1400930102,1
COPELAND'S CANNABIS FARM,234,1,603342768,1400584503,1
TORCH NORTHWEST,235,1,603342012,1401362103,1
KATIE GARDENS,236,0,603350322,1401448503,0
TYPHOON YOLANDA,237,1,603352477,1401448503,1
HD HILLS,238,1,603348986,1400930102,1
OKANOGAN HIGHLANDS CANNABIS,239,1,602215880,1403090103,1
TH AGROW,240,1,603352947,1406708104,1
ALPHAPHENO,241,1,603338725,1400843702,1
GROW IT WRIGHT,242,1,603352971,1449652508,1
NETTLES UNLIMITED,243,1,602368032,1402314986,1
TOTALLY AWESOME CANNABIS,244,1,603600534,1402139703,1
AQUA ORGANICS,245,1,601996429,1402139703,1
JV RANCH,246,1,603346255,1409991304,1
GROWTH INDUSTRIES,247,1,603349441,1404375303,1
EMERALD JANE'S,248,1,603348395,1410941705,1
E & B GROWERS,249,1,603500817,1403694903,1
ROOT DOWN,250,1,603349363,1403090103,1
BEARDED BRO'S BEST,251,0,603350330,1402485303,0
CANNASOL FARMS,252,1,603324011,1402139703,1
ANTOINE CREEK FARMS,253,1,603348483,1403770503,1
THE HAPPY CROWD,254,1,603350615,1403262903,1
LILLY OF THE VALLEY GARDENS,255,1,603350795,1403608502,1
THE GREEN COMPANY,257,1,603277139,1403262903,1
PYRAMID GREEN HOUSES,258,1,603350871,1408781704,1
K&M GROWERS,261,1,603342138,1403090103,1
ORANGE STATE,262,1,603350715,1404288903,1
ZOOBEES DOOBEES,263,1,603350743,1406967303,1
NATURAL MYSTIC FARMS,265,1,603349351,1406276103,1
JCJ GREENS,267,1,603350607,1402485303,1
FALES GROWERS,268,1,603353520,1476778507,1
MEDICINE WOMAN,269,1,601126223,1403608503,1
BONDI FARMS,270,1,603348549,1411632904,1
HORSE HEAVEN HILLS HIGH,271,1,603404034,1403770503,1
BANG'S CANNABIS COMPANY,272,1,603519758,1405584904,1
WELWATER,273,1,603176573,1406708103,1
SWEETGRASS,274,1,603348423,1403770502,1
PDT TECHNOLOGIES,275,1,603307697,1404202503,1
FRESH PRODUCTIONS,276,1,602589633,1403090103,1
RAVENS KEEP,277,1,603349065,1404288903,1
BLUE SKY GROWERS,278,1,603344711,1403694903,1
SYSCO PANCHO'S,279,1,603250855,1403349303,1
TOP CUT FARMS,280,1,603347797,1403090103,1
ISLAND REEFER,281,0,603350494,1403090103,0
FANTASY FARMS LLC,282,1,603353887,1405671304,1
ROCKY BROOK RANCH,283,1,603355336,1464855308,1
MISS FITS LAUGHING STALK,284,0,603353014,1406103303,0
THOMAS PAUL HICKEY,285,1,603357641,1404375303,1
METHOW VALLEY NURSERY,286,1,600511723,1405580399,1
BUD HUT,287,1,603359169,1404720903,1
CANNARAIL STATION,288,1,600128226,1404720903,1
GREENSIDE,289,1,603348991,1411114504,1
BLACK DOG ACRES,290,1,603374498,1402485303,1
WHIDBEY ISLAND CANNABIS CO.,291,1,603372702,1404720904,1
CANNABIS CITY,292,1,603339269,1404720903,1
THE FOUR TWENTY COLLECTION,293,1,603293916,1405580399,1
STICKY'S,294,1,603344428,1410250504,1
LAND OF LIZARDS,295,1,603341338,1405152903,1
GREENFINGERS 509,296,1,603356137,1405671305,1
NEW VANSTERDAM,297,1,603352415,1404720903,1
MANASTASH GARDENS,298,1,603356438,1404202503,1
STATION 420,299,1,603408357,1404720903,1
FORBIDDEN FARMS,300,1,603345392,1407226503,1
WESTSIDE420 RECREATIONAL,301,1,603074019,1404720904,1
GREEN STOP CANNABIS,302,1,603475611,1406708104,1
NORTHWEST GROWN PRODUCTS,303,1,603359122,1423127705,1
SECRET GARDENS OF WASHINGTON,304,1,603349027,1409818510,1
CASCADE GROWERS,305,1,603350122,1406016903,1
MAJICO,306,1,603344791,1407399304,1
SATORI,307,1,603348638,1404720904,1
D & L ENTERPRISES,308,1,603353604,1405584904,1
PINNACLE NW,309,1,603349472,1405152903,1
THE HOLLINGSWORTH CANNABIS COMPANY,310,1,603354868,1404288903,1
GREEN CHIEFS,311,1,603356926,1406276103,1
ORIGIN CANNABIS COMPANY,312,1,603346213,1405412103,1
RAINIER ON PINE,317,1,603358289,1404720903,1
THE HUNT COMPANY,318,1,603348898,1404980103,1
MAIN STREET MARIJUANA,319,1,603357161,1404720903,1
4US RETAIL,320,1,602137911,1404720904,1
GREEN STAR CANNABIS,321,1,603350930,1404720904,1
CLEAR CHOICE CANNABIS,322,1,603267081,1406708104,1
MARIJUANA MART,323,1,603351976,1407226503,1
CASCADE HERB COMPANY,324,1,603358738,1406362503,1
GREENRUSH,325,1,603346914,1404893702,1
GOODBUDS,326,1,602377723,1424769306,1
QUINCY GREEN,327,1,603349590,1406708104,1
SPOKANE GREEN LEAF,328,1,603350712,1404720904,1
CASCADE KROPZ,329,1,603365603,1404720903,1
ELEVEN WINDOW VENTURES,330,1,603349194,1406276103,1
THE HAPPY CROP SHOPPE,331,1,603339564,1404720904,1
BBB FARMS,332,1,603346785,1405412103,1
MONTGOMERY AVE GROWERS,333,1,603357908,1405757704,1
SILICA PHOENIX,334,1,603315249,1404893703,1
420 HOLIDAY,335,1,603359238,1406621703,1
CASCADE CROPS,336,1,603323411,1404980103,1
FREEDOM MARKET,337,1,603410347,1404720904,1
HIGHWAY 7,338,1,603358154,1404720904,1
LOUIS W,339,1,603348607,1404980103,1
PACIFIC CANNA CLONES,340,1,603354417,1404980103,1
AUSTIN LOTT,341,1,603354900,1404720904,1
420 CARPENTER,342,1,603358548,1404720903,1
2020 SOLUTIONS,343,1,602997574,1404720903,1
ALTITUDE,344,1,603357090,1404720904,1
CANAPAC,345,1,603499975,1481879763,1
MEAN THE GREEN,346,1,603359023,1405584904,1
THE BACK PORCH,347,1,603255234,1414657474,1
VICTORY CANNABIS WA,348,1,603349190,1406016903,1
HERBAL NATION,349,1,603489660,1405757706,1
SAN JUAN SUN GROWN,352,1,603313835,1408004105,1
CLARITY FARMS,353,1,603345333,1405671305,1
TREE OF KNOWLEDGE,354,0,603358621,1408608904,0
509 DA KINE,355,1,603347335,1406708104,1
GREEN LADY,356,1,603360122,1407226503,1
HERBAL ACCESS RETAIL,357,1,603318596,1406967303,1
BRIGHTSIDE FARMS,358,1,603529503,1406016903,1
SEA CHANGE CANNABIS,359,1,603352959,1405757704,1
MARGIES'S POT SHOP LLC,360,1,603430369,1404720903,1
MILL CREEK NATURAL FOODS,361,1,602488299,1405152903,1
GREENSIDE,362,1,603349148,1404807303,1
GREEN COLLAR CANNABIS,363,1,603348039,1406621703,1
TOP SHELF CANNABIS,364,1,603350575,1404720903,1
DRAGONLEAF,365,1,603325998,1407572103,1
LADY EARTH BOTANICALS,366,1,603349180,1404893703,1
CANNABLYSS,367,1,603359615,1408695304,1
GOLDEN LEAF,368,1,602662978,1405757705,1
GREEN THEORY,369,1,603411239,1404720904,1
RJL,370,1,601680455,1405412103,1
MNS - PNP,371,1,603349446,1409386504,1
POT ZONE,373,1,603353868,1406103303,1
DB3,374,1,603344005,1404980103,1
OBERFELDER HOLDINGS,375,1,603350349,1405580399,1
HIGH SOCIETY,376,1,603351033,1408090503,1
THORJON RUSSELL-J1,377,1,601544408,1406189704,1
GREEN DESERT OASIS,378,1,603355337,1406016903,1
GREEN OUTFITTERS,379,1,603351170,1421918106,1
RAINIER ORGANICS,380,1,603346888,1406708104,1
LIFE GARDENS 1,381,1,603335633,1405757705,1
OREGRADE,382,0,601985130,1406621703,0
CRESCENDO CHOCOLATE,383,1,603322178,1414570504,1
CANNABIS CENTRAL,384,1,603383934,1406621703,1
MAJEBACILON,385,1,603348810,1408522504,1
HERBSCAPES,395,1,601264180,1405757704,1
LUCHINI SUPERCRITICAL,396,1,603347225,1438676110,1
SALISH SATIVAS,397,1,603357390,1407485704,1
TRAIL BLAZIN PRODUCTIONS,398,1,603328531,1408090503,1
SOMA FARMS,399,1,603324810,1406016903,1
MJ PRODUCTIONS,400,1,603340823,1406016903,1
TOM'S HEMP&CANNABIS,401,1,603348947,1406016903,1
420 NATURAL,402,1,603356866,1418894106,1
EMERALD CITY ORGANICS,403,1,603316622,1405757706,1
CAPTAIN HANSONS,404,1,603414528,1417079705,1
GANJA GODDESS,405,1,603328321,1415438105,1
SASQUATCH GREENHOUSES,407,1,602929885,1406967303,1
WW AGRICULTURE,408,1,603325117,1406189704,1
AD LIB ENTERPRISES,409,1,603349183,1407399304,1
HIGH FIVE FARMS,410,1,603358661,1405757705,1
FAMILY PLOT,411,1,603350729,1406708104,1
AXABRA EAST,412,1,603349128,1407226503,1
NAKED EMPEROR,413,1,603354839,1406362503,1
SUBX,414,1,603344143,1407572103,1
GREEN GHOST,415,1,603348535,1415956504,1
RL FARMS,416,1,603359262,1408522504,1
SEATTLE TONICS,417,1,603358489,1428653707,1
SMOKANE,418,1,603354717,1407831304,1
AMERICAN BEST SUPPLY,419,1,603267564,1410423304,1
172ND ST CANNABIS,420,1,603321077,1407226503,1
HERBAL RESEARCH AND DEVELOPMENT,421,1,603349127,1410596105,1
OKANOGAN HIGH COUNTRY PRODUCTS,422,1,603294577,1406794504,1
NORTHWEST RECREATIONAL,423,1,603349763,1409386504,1
BOTANY UNLIMITED DESIGN & SUPPLY,424,0,603180818,1406967303,0
LAGRANJA FARMS,425,1,603345754,1407226503,1
SAVAGE THC,426,1,603279597,1407399305,1
OLD SCHOOL,427,1,603357047,1409386504,1
G&S GREENERY,428,1,603356198,1411200904,1
SAR VENTURES,429,1,603357007,1409213705,1
SYNCLINE NORTHWEST,430,1,603348179,1407312903,1
BARE NAKED BUD,431,1,603363115,1407399304,1
GROW OP FARMS,432,1,603350574,1409040904,1
NORTHWEST ORGANIC NURSERY,433,1,603352275,1409386504,1
THE GREEN SEED,434,1,603346306,1408781704,1
PEAK SUPPLY,436,1,603345806,1414224905,1
PARADISE VALLEY ORGANICS,437,1,602676706,1408004104,1
OCEAN GROWN ENTERPRISES,438,0,603354808,1406967303,0
GREEN NIRVANA,439,1,603539069,1407399304,1
CHRONIC SITUATION,440,0,600591315,1406276103,0
GREEN LEAF,441,1,603357618,1407572103,1
EL REY DE LA KUSH,442,1,603507754,1412756105,1
DANK DYNASTY,443,0,603072657,1411632904,0
VIRIDIS REMEDIUM,444,1,603356263,1408090503,1
PACIFIC NORTHWEST GROWERS,445,1,603283337,1415956504,1
MARIJUANA FARM,446,1,603355239,1407399305,1
LLIDNOC FARMS,447,1,603356338,1407831304,1
RAY'S GARDEN,448,1,602286248,1429863306,1
RODRIGO MANUEL OCAMPO,449,1,603352120,1409386504,1
WOLF MARIJUANA,450,1,603347881,1427876106,1
GREEN AMERICA,451,1,603313737,1411200904,1
NORTHWEST FLOWERS OF POWER,452,0,601245981,1409386504,0
ORGANIC GROWN CANNABIS,453,1,603354326,1411114504,1
TOKEN HERB,454,1,603351978,1407831304,1
BLISSFUL CHOICE,455,1,603391926,1445328909,1
PIONEER PRODUCTION & PROCESSING,456,1,603348686,1407831304,1
WASHINGTON'S FINEST CANNABIS,458,1,603352008,1407399304,1
PUFFIN FARM,459,1,603350834,1407831304,1
SPINNING HEADS,461,1,603352074,1407399305,1
GREENLIGHT,462,1,603359320,1411114504,1
JEFF INDUSTRIES,463,1,603357018,1413360904,1
SELECT LABEL,464,1,603352029,1460189720,1
SMUGGLER BROTHERS,465,1,603355893,1408090503,1
TRICHOMETECHNOLOGIES,466,1,603349969,1410250504,1
GARDENS ROYALE,467,1,603355251,1408436104,1
OUTBACK BUD COMPANY,468,1,600456027,1410941704,1
QUALITY GROWERS,469,1,603349723,1438848911,1
VERDELUX CHOCOLATES,470,1,603270374,1412756104,1
SATIVA SISTERS,471,1,603353810,1408695303,1
GREEN BROTHERS FARMS,472,1,603351631,1407831304,1
BIG RIVER FARMS,473,1,603462439,1408522504,1
BAKECATION,474,0,603334553,1415092505,0
WASHINGTON STATE SWEET LEAF GARDENS,475,1,603353405,1421399706,1
JSH PRODUCTIONS,476,1,603342552,1412064904,1
OKANOGAN VALLEY NURSERY,477,1,603346130,1409904905,1
DRIFTBOAT,478,1,603190898,1411546505,1
CINC-O-DOS,479,1,603483352,1408522504,1
CANNABIS KING GARDENS,480,1,603156463,1418202904,1
ATOMIC GREEN,481,1,603356390,1410250504,1
SHELBY ECKROTH,482,1,601606903,1412756104,1
CRESCENT VALLEY FARMS,483,1,602696044,1451985310,1
EVERGREEN AGRICULTURE,484,1,603358523,1482225566,1
GTECH,485,0,603308014,1409213704,1
LTDN RESOURCES,486,1,603328931,1409818505,1
VIRGINIA ENTERPRISES,487,1,603358802,1410855304,1
TAHOMA GROWERS,488,1,603359778,1423732505,1
KETTLE RIVER CANNABIS COMPANY,489,1,603361387,1408522504,1
VULCAN MOUNTAIN FARM,490,1,603348990,1409818512,1
PIONEER FARM,491,1,603508499,1415178904,1
W.C.W. ENTERPRISES,492,1,603359717,1415092505,1
PROHIBITION BRANDS,493,1,603330333,1409127304,1
PALOUSE FARMS,494,1,602363661,1412756105,1
NAVARRE COULEE,495,1,603356502,1408522504,1
ROYAL TREE GARDENS,496,1,603349381,1417684505,1
DOUBLE DELICIOUS,497,1,603376496,1409386504,1
OKPGA,498,1,603352680,1410423304,1
GREEN LIFE CANNABIS,504,1,603359944,1408781704,1
GREEN HAVEN,505,1,603350952,1409386504,1
EARTH RISING FARM,506,1,603354896,1408781704,1
FARMWEST 1,507,1,603262901,1409818513,1
ATF FARMS,508,1,602692365,1410596105,1
LOVING FARMS,509,1,603348237,1408090504,1
PERMA,510,1,603349506,1412842504,1
EVERGROW NORTHWEST,511,1,603404927,1410596105,1
SUGARLEAF FARM,513,1,603350816,1411805704,1
AMERICAN HARVEST,515,1,603352573,1426407305,1
AMERICAN FARMS,516,1,603351015,1409818512,1
PICKENS MOUNTAIN CANNABIS,517,1,603362751,1409818511,1
BLACKSMITH FARMS,518,1,603356373,1408781704,1
GREEN FIRE PRODUCTION,519,1,603358531,1409213704,1
ACME MOUNTAIN HERB,520,0,603349734,1412756105,0
KAI'DRO,521,1,603511446,1409213704,1
WEST COAST HERBS,522,1,603357013,1413792905,1
MARY MART,523,1,603357604,1409904905,1
420 SPOT SHOP,524,1,603405180,1409904904,1
AISLING ENTERPRISES,525,1,602990684,1411200904,1
LIFE ROOTS,526,1,603350872,1429258506,1
BUD HUT,528,1,603352507,1409818512,1
INFLORESCENCE,529,1,603356586,1413533705,1
STONE MOUNTAIN,530,1,603377678,1410984756,1
PRINCE FARMS,531,1,603354070,1412151305,1
THE GREEN DOOR,535,1,603419626,1414224905,1
LONGVIEW FREEDOM MARKET,536,1,603354448,1409904905,1
GRASS,537,1,603328012,1411805704,1
HYPOTHESIS GARDENS,538,1,603357291,1421140505,1
STONE SUPPLY,539,1,603355318,1431159308,1
RAVEN,540,1,603345723,1410596105,1
WASHINGTON STATE PRODUCER,541,1,603331925,1421313305,1
30TH STREET PRODUCTIONS,542,1,603353032,1410941704,1
ORGROW,543,1,603355254,1409818514,1
BS GROWERS,544,1,603381765,1412410504,1
THC EXPRESS,545,1,603353114,1412151305,1
MAHONEY GREENS,546,1,603359256,1455786915,1
DENDRITIC PRODUCTIONS,547,1,603353176,1436861709,1
GOAT GIRL CANNABIS,549,1,601987076,1411114504,1
ORACLE ACRES,550,1,603351880,1412151304,1
PROJECT M,551,1,603525319,1411114504,1
SWEETWATER FARMS,552,1,603352095,1424942105,1
BLACK SANDS RANCH,553,1,601842686,1413447305,1
BIG RIDGE FARMS,554,1,603298919,1410423304,1
KUSH VALLEY,556,1,603350821,1411114504,1
COPPERHEAD CANNABIS,557,1,603349600,1467188108,1
OCEAN GREENS,558,1,603350909,1411805704,1
FLYING DUTCHMAN FARMS,559,1,603293088,1411114504,1
CANNAREX,560,1,603345767,1409991304,1
MAS FARMS,561,1,603372723,1420103705,1
FINE DETAIL GREENWAY,562,1,601773376,1420708505,1
EVERGREEN PRODUCTION,563,1,603354985,1410596105,1
DIAMOND GREEN,564,1,603354294,1413360904,1
CRIMSON WAVE,565,1,603354948,1425114905,1
CELESTEVA,567,1,603356809,1416906904,1
DOC CROC,568,1,603350228,1411632904,1
420 GROWERS AND PROCESSORS,569,1,603461228,1412151304,1
ORIGENS,570,1,603582985,1432109708,1
UNCLE IKE'S,571,1,603409579,1411546505,1
THE STASH BOX,572,1,603350058,1415870104,1
MY WEED BUNNY,573,1,602027832,1413274505,1
KRUSSEL FARMS,574,0,603271783,1412756104,0
QUALITY CANNABIS,575,1,603354778,1433405708,1
KUSH FARMS INCORPORATED,576,1,603408738,1420017305,1
MILLER'S MARIJUANA,577,1,603358103,1411546505,1
CELSS MICRO FARMS,578,1,603306036,1413015307,1
THE GREEN DOOR,579,1,603090015,1426234506,1
NORTHWEST GREENERY,580,1,603358856,1412928904,1
HERBAL TECH,581,1,603413196,1431591308,1
EVERGREEN GROPRO,582,1,603354925,1415438105,1
CE GROUP,583,1,603277131,1411805704,1
NORTHWESTPEARL,584,1,603350103,1419758104,1
HENDERSON DISTRIBUTION,585,1,601390613,1412928904,1
MOTHER EARTH FARMS,586,1,603355054,1413533705,1
CANNA BASIN FARMS,589,1,603352414,1412410504,1
TOP SHELF 420,590,1,603356971,1412410504,1
MARY'S FINEST MARIJUANA,591,1,603302267,1412756105,1
PURPLE HAZE,592,1,603400486,1416906904,1
MR. BILLS OF BUCKLEY,594,1,603405237,1410596105,1
GANJA VITA,595,1,603359467,1418807705,1
DAVE'S PLACE,596,1,603356131,1418116505,1
MANNA PRODUCTION,597,1,603330226,1412756105,1
NW CONNOISSEURS,598,1,603345953,1414570504,1
CINDER,599,1,603352412,1414138504,1
HERBAL E SCENTS,600,1,602484317,1410941705,1
OMG SYKES,601,1,603352035,1411546505,1
POTT ROAD MANUFACTURING,602,1,601968430,1413015307,1
HWY 420,603,1,603406099,1412151305,1
MJ'S POT SHOP,604,1,603456377,1412151304,1
DAWN STAR,605,1,603355876,1411805704,1
MERRYECHO PRODUCTIONS,606,1,603378605,1414570504,1
CRAFT ELIXIRS,607,1,603342397,1412151304,1
PURE GREEN CROSS WA,608,1,603342449,1421831705,1
JBC GROW,609,1,603351382,1412842505,1
GOLDEN DISPENSARIES,610,1,603355617,1413620104,1
GROWSTATE-ONE,611,1,603357050,1412842505,1
SPARKET,612,1,603356839,1423300506,1
THE NOVEL TREE,613,1,603352085,1414138504,1
ABUNDANT JOY,614,1,603351079,1414657474,1
GROWER GEORGE,616,1,603350705,1417770905,1
BOTANICA SEATTLE,619,1,603350313,1413360904,1
M & R DISTRIBUTING,620,1,603344577,1412324105,1
CANNA ORGANIX,621,1,603354913,1429776907,1
THE POTTING BENCH,624,1,602093924,1413447305,1
SOURFACE,625,1,603338071,1414657474,1
GOING GREEN,626,1,603489435,1417598105,1
MAC GARDEN,627,1,603357626,1414570504,1
R&B GROUP,628,1,603344325,1414657475,1
HIDDEN VALLEY FARMS,629,1,603350480,1414138504,1
STONER FARMS,630,1,603422115,1419930905,1
PLATINUM ENTERPRISES,631,1,603437827,1413879304,1
GREEN ADVENTURES,636,1,603389573,1423041305,1
C.K. ORGANICS,639,1,603359834,1413965704,1
MR. DOOBEES,640,1,603412363,1414743304,1
LOCALAMSTER,641,1,603357616,1414484104,1
DLH RANCH,642,1,603352793,1439626510,1
JVARD,643,1,600497647,1415092505,1
GRATEFUL FARMS,644,0,603248803,1416906904,0
EAST MOUNTAIN BUD,645,1,603483283,1415438105,1
THE HIDDEN BUSH,646,1,603351133,1415178904,1
KUSHMART,647,1,603347250,1414743305,1
HAPPY TIME,648,1,602487294,1414743305,1
MARY JEAN'S GREENS INC.,649,0,603118374,1418980505,1
WICKED WEED,651,1,603578113,1415956504,1
CANNABIS COUNTRY STORE,652,1,603359274,1414570504,1
BAJR,653,1,603355655,1415438105,1
FAIRWINDS MANUFACTURING,654,1,602261156,1418721305,1
CINDER,655,1,603345696,1414570504,1
WAREHOUSE 420,656,1,603049238,1446542110,1
CALLING CARD,657,1,603351196,1415956504,1
GREEN STREAK,658,1,603353266,1469175309,1
GREEN VALLEY SOCIETY,659,1,603343192,1415178904,1
CLUTCH CANNABIS,660,1,603352242,1418202905,1
DARLING GROWERS,661,1,603513879,1437034509,1
FLOWER OF LIFE FARMS,662,1,603345771,1415438105,1
MUFFYS SMOKIN'GREENS,663,1,603359355,1441181711,1
LANCE'S GARDEN,664,1,603267254,1417598105,1
MILLER MARIJUANA FARMS,665,1,603346391,1416388504,1
CANNABIS & GLASS,666,1,603351098,1415438105,1
FORBIDDEN GARDEN,667,1,603349512,1419066905,1
CASCADIA GARDENS,668,1,603349996,1416906904,1
URBAN BUD,669,1,603385092,1421831706,1
ZENTA GARDEN,670,1,603352611,1415438105,1
DOCKSIDE CANNABIS,671,1,603354697,1417684505,1
THE SLOW BURN,672,1,603410267,1417511705,1
2020 SOLUTIONS ON THE GUIDE,673,1,603415265,1414743304,1
SKY HIGH GARDENS,674,1,603358819,1415438105,1
LILAC CITY GARDENS,675,1,603578716,1416906904,1
EASTERN WASHINGTON CANNABIS PRODUCTS,676,1,602696314,1436861709,1
LA PUSH KUSH,677,1,601830625,1416474905,1
DA VINCI,678,1,603335190,1438244112,1
GREEN SOURCE,679,1,603347234,1418894106,1
GREEN CITY COLLECTIVE,680,1,603353423,1420708504,1
FLYING HIGH,681,1,603386755,1417598105,1
KLARITIE,682,1,603484845,1416906904,1
WILD MINT,683,1,603357553,1469802134,1
NORTHWEST CANNABIS SOLUTIONS,684,1,603307463,1415956505,1
GREENWAY MARIJUANA,685,1,603353555,1416906904,1
THCBD,686,1,603271115,1416561305,1
WASHINGTON INDOOR,687,1,603407521,1416993304,1
THE CLONE ZONE,688,1,603347650,1416042905,1
NORTHWEST FINEST,689,1,603547379,1418894106,1
JEFFERSON CANNABIS,690,1,603320523,1418807704,1
COASTAL ENTERPRISES,691,1,603350648,1416561305,1
BLUE ROOTS CANNABIS,692,1,603349796,1417598105,1
HERB'S HOUSE,693,1,603285183,1421313305,1
HORSESHOE PINES,694,1,603462862,1418116505,1
CHENEY HYDROPONICS,695,1,603340342,1429949706,1
HERBAL URBAL,696,0,603354818,1418980505,0
HERITAGE FARMS,697,1,602662140,1425546905,1
HEAVYWEIGHT HEIGHTS,698,1,603395977,1417598105,1
TRANQUIL BUDDHA,699,1,603232715,1420881305,1
GLOBODYNE,700,1,603350047,1419498905,1
HONEY CREEK ENTERPRISES,701,1,603356865,1419758104,1
THE LOCAL JOINT,702,1,603402689,1421399706,1
WINTERLIFE,703,1,602024135,1418807704,1
HARTMAN'S HAPPY HOME FARM,704,1,602112755,1417684504,1
LUCID,705,1,603359035,1418462105,1
W.O.W. INDUSTRIES,706,1,603344877,1418807705,1
LADERA FARMS,707,1,603359261,1464855308,1
"KUDU PHARMS, LLC",708,1,604008475,1419930905,1
EVERGREEN HERBAL,709,1,603270793,1417684504,1
4:20 FRIENDLY,710,1,603351576,1418894105,1
AGRO COUTURE,712,1,603088393,1430900107,1
HERBAN TREE FARMERS,713,1,603355991,1461913199,1
BACONS BUDS,714,1,603350357,1429172107,1
GREEN FREEDOM,715,1,603350787,1423732506,1
HILLTOP HIGHGRADE,716,1,603108426,1422004506,1
TWO HEADS CO,718,1,603355302,1423041305,1
BUD COMMANDER,720,1,603351819,1420535705,1
SON LUX,721,1,603358281,1430900107,1
TREEDOM,722,1,603528080,1419498905,1
MARI-JUANA,725,1,603346158,1441440911,1
HERBAL EARTH,726,1,603349622,1431591307,1
TOP SHELF,727,1,603184350,1418980505,1
STICKY BUDZ,728,1,603313605,1418721305,1
THE TOP SHELF,729,1,603357600,1420535704,1
WEST SEATTLE CANNABIS COMPANY,730,1,603356479,1421486105,1
EVERGREEN HYDRO FARMS,731,1,603359423,1419066905,1
HYDROFARMER,732,1,603461768,1418375704,1
LADY BUDS GARDEN CLUB,733,1,602182274,1422954905,1
AUNTIE ONOLICIOUS,734,1,603347782,1420276507,1
GREENLEAF INDUSTRIES,735,1,603358796,1420103705,1
GREEN420,736,1,603346750,1435306509,1
WEEDIES,737,1,603360813,1421226906,1
150 POUNDERS,738,1,602401215,1465038652,1
TREEHOUSE CLUB,739,1,603420335,1418462105,1
GREEN BLUFF GREENHOUSE,740,1,601530853,1419066905,1
ROCK ISLAND FARM,741,1,603356244,1430381707,1
KELLY PRODUCTION AND PROCESSING,742,1,602239728,1419758104,1
CEDAR CREEK CANNABIS,743,1,603568400,1418721305,1
HAZY DAZE,745,1,603513448,1419412505,1
NEW LEAF ENTERPRISES,746,1,603285456,1420794905,1
METHOW HORTICULTURE,747,1,603356583,1421486105,1
CANNASTAR,748,1,603330803,1424942105,1
RADAR RIDGE FARMS,749,1,603350774,1423127705,1
PACIFIC NORTHWEST GROWERS,750,1,603357024,1422522907,1
FC PROCESSOR-2,751,1,603349172,1420708505,1
VELA,752,1,603359368,1419758104,1
FUNKY FARMS,753,1,603351230,1423300506,1
THEOREM,755,1,603359414,1422522907,1
METHOW GROWERS,756,1,603348102,1421226906,1
ROOTWORX,757,1,603429541,1419498905,1
LOCAL ROOTS MARIJUANA,758,1,603441962,1420017304,1
ABSOLUTE EDIBLES,759,0,603416388,1423559706,0
LAUGHING GRASS MARIJUANA PRODUCTION AND PROCE,760,1,603356817,1482225554,1
INVESTMENT FUNDING GROUP,761,1,603320515,1424250905,1
MARY JANE,762,1,603359032,1430554507,1
VIEW ASKEW FARMS,763,1,603349844,1421399706,1
MOUNTAIN HIGH GARDEN,764,1,602948269,1442996113,1
EVERGREEN CANNABIS,765,1,603358177,1420708505,1
DUKE'S HILL CANNA,766,1,600435277,1420103705,1
GROWN GREEN NORTHWEST,767,1,603353035,1423300505,1
ARBOR ENTERPRISES,768,1,603358469,1445588108,1
EMERALD EVOLUTION,769,1,603323967,1424250905,1
EMERALD LEAVES,770,1,603561521,1422004506,1
AUTREES NURSERY,771,1,603519756,1423127705,1
WEST PLAINS AG,772,1,603340266,1422695705,1
MT. BAKER GARDENS,773,1,603357452,1421486105,1
CBN SYSTEMS,774,1,601890857,1467793826,1
STAT,775,1,601661618,1420103705,1
BELLEVUE MARIJUANA,776,1,603350423,1422090905,1
PINGSTON CREEK BOTANICAL,777,1,603352610,1438071310,1
INTERSTATE 502,778,1,603357148,1422004506,1
HIGH END MARKET PLACE,779,1,603350377,1421313305,1
HIGHER LEAF MARIJUANA BOUTIQUE,780,1,603414213,1423300505,1
502 PROCESSOR'S GROUP,781,1,603355672,1423300505,1
A BUD & LEAF,782,1,603357913,1420535705,1
TOMMY'S,783,1,602125385,1423732506,1
CONSCIOUS FAMILY FARMS,784,1,603357594,1423300506,1
SEATTLE CANNABIS COMPANY,785,1,603318039,1424250905,1
BLUE ROCK ACRES,786,1,603349561,1423041305,1
NORTHWEST 7 POINT,787,1,603349309,1425546906,1
ARTIZEN CANNABIS COMPANY,788,1,603355143,1422350105,1
HAPPY WAYZ EDIBLES,789,1,603260680,1422695705,1
THE HERBERY,790,1,603355031,1422522908,1
PUGET SOUND CANNABIS COMPANY,791,1,603273996,1427530507,1
BACKWOODS BOTANICALS,792,0,603520944,1421918105,0
TOKER FRIENDLY,793,1,603447262,1463209199,1
VASHON ISLAND ORGANICS,794,1,600385770,1422954905,1
EXOTIC FARMS,795,1,603358596,1423559705,1
365 RECREATIONAL CANNABIS,797,1,603429655,1429258506,1
TOPP VALLEY GROWERS,799,1,603350205,1427789706,1
DREAM CATCHER,800,1,603498768,1424510105,1
GREEN PEAKS,801,1,603357027,1423732506,1
DYNAMIC HARVEST,802,1,603352582,1426666506,1
D&S FARMS,803,1,603352338,1422695705,1
TRIPLE T FARMS,804,1,603349705,1423905306,1
PURE FUNK,805,1,603341719,1422436505,1
VIRGINIA COMPANY,806,1,603286277,1424769306,1
LIT FUSE NURSERY,807,1,603302894,1421918105,1
KUSH COMFORT FARMS,808,1,603403769,1431677708,1
GROWN IN WA,809,1,603351217,1428653706,1
J & K CANNABIS,810,1,603089068,1442304910,1
THE CASCADE GNOME,811,1,603354323,1435220108,1
WALLA WALLA GROW,812,1,603418266,1439021710,1
HARMONY FARMS,813,1,603349963,1425719705,1
PANTAGRUELIAN AGRICULTURAL LABORATORIES,814,1,603350554,1426148106,1
MOUNTAIN HIGH ORGANICS,815,1,603351332,1422436506,1
THREE G FARMS LLC,816,1,603379526,1423127705,1
HONU ENTERPRISES,817,1,603341347,1422954905,1
DNA GARDENS,821,1,603355421,1424510105,1
WACKY TOBACKY PRODUCER AND PROCESSOR,822,1,603350621,1423300505,1
DAYTON ELTON HAMMACK,823,0,603454543,1439626511,0
NORTHWEST HARVESTING CO,824,1,603343419,1433924108,1
GREEN THUMB GROWERS,825,1,603438280,1422695705,1
HAPPY HILL FARMS,826,1,603411245,1424855706,1
PHARMER IN THE DELL ENTERPRISES,827,1,603355085,1431418507,1
TWISTED SISTERS GARDENS,828,1,603357630,1424769306,1
UPPER SKAGIT VENTURES,829,1,603014495,1433924108,1
HIGH SOCIETY,830,1,603353197,1422609306,1
FORTE FARMS,831,1,603357687,1422609306,1
NORTH GARDENS,832,1,603358605,1423646106,1
OLD MCDONALD'S FARM,833,1,603356494,1429690506,1
#HASHTAG,834,1,603358139,1427530507,1
THE GALLERY SPANAWAY,836,1,603336732,1425114905,1
APPLICATION SOFTWARE PRODUCTS,837,1,600505938,1430986506,1
WASHINGTON GROW SOLUTIONS,838,1,603466146,1452244510,1
KELLY GROWER,839,1,603355861,1467793826,1
III KING COMPANY,840,1,603350502,1437207310,1
LANDSEYE LOGISTICS,841,1,602965691,1424250905,1
WASHINGTON POT,842,1,603392259,1424769306,1
RAINIER ACRES,843,1,603358097,1436516109,1
SEATTLE'S PRIVATE RESERVE,844,1,603384148,1425114906,1
FREEDOM FARMS,845,1,603436632,1424855706,1
MISTER BUDS,848,1,602151321,1425460505,1
QUALITY CANNABIS PRODUCING AND PROCESSING,849,1,603347630,1425028506,1
THE GREEN NUGGET,850,1,603349025,1424423706,1
PRANA,851,0,603358240,1425719705,0
SUSPENDED BRANDS,852,1,603346522,1424769306,1
SEATTLE SNAP,853,1,603357487,1429604107,1
MR WHOLESALE,854,1,602810573,1425902400,1
THE LAZY BEE GARDENS,855,1,603348092,1425028506,1
DANCING GYPSIES,856,1,603355027,1426666506,1
OG FARMS,857,1,603349061,1426666506,1
NW HERBAL GARDENS,858,1,603356969,1425546906,1
TWO BROTHERS,859,1,601228738,1429085706,1
BUD BROTHERS,862,1,603347877,1424855706,1
THE CANNABIS CORNER,863,1,603359125,1424510106,1
HEAVENLY BUDS,869,1,603348156,1428135307,1
GRASSROOTS BAKE SHOPPE,870,1,601078913,1429085706,1
ALDEN JAY FOOTE,871,1,603359937,1426407305,1
GREEN LIFE NW,872,1,603452132,1440749710,1
ROYAL'S CANNABIS,873,1,603416507,1425719706,1
GREEN POWER OF WASHINGTON,874,1,603330359,1426925706,1
ISLAND GREEN GROWERS,875,1,603359082,1452849310,1
BUDS OF VASHON,876,1,603351052,1430295307,1
ROCKGARDEN,877,1,601603333,1429085706,1
SEVEN BLADES NORTHWEST,878,1,603357826,1439972111,1
XTRACTED LABS,879,1,603313238,1426839306,1
NEXUS,880,1,603356386,1426752905,1
LEGANJAFAIRY,881,1,603348456,1426407305,1
OLD TOBY,882,1,603333278,1426407306,1
"BLC, LLC",883,1,603593849,1429085706,1
GRASS ROOTZ,886,1,603362179,1427271306,1
GOLDEN TREE,887,1,603445854,1431418508,1
ETHOS EXTRACTS,888,1,603351646,1427530506,1
BUD HUT,889,1,603359494,1426234506,1
GLENS PLANT FARM,891,1,603438840,1427530506,1
PLANET GREEN,892,0,603183478,1435824908,0
PNW GROUP,893,1,603358747,1440749712,1
PACIFIC LAND AND CATTLE,894,1,603353775,1427789705,1
EVERGREEN FOREST,902,1,603357843,1428135307,1
PACIFIC GROWERS NORTHWEST,903,1,603442332,1442391313,1
"MRS GREEN JEANS & THE CAPTAIN, LLC",904,1,603453140,1436516109,1
LOCAL ROOTS MARIJUANA,905,1,603441961,1427530506,1
PINOY BROS,906,1,603359473,1428135306,1
STONE AGE GARDENS,907,1,603409996,1426839306,1
BLUE DOG SEEDS,908,1,603286399,1428999307,1
ICICLE VALLEY GROW,909,1,603281561,1430208907,1
CIRCANNA,910,1,603353776,1427271306,1
COWLITZ COUNTY CANNABIS CULTIVATION,911,1,603434701,1428135307,1
MOUNTAIN HI,912,1,601410496,1429776907,1
DOUBLE DUTCH,913,1,603350606,1429085707,1
CANNAGENESIS,914,1,603357361,1428567306,1
CLEO,924,1,603348675,1427789706,1
RED CANYON,925,1,603353892,1427530507,1
GREEN HEAD CANNABIS,926,1,600314288,1433232908,1
ZIA RECREATIONAL,927,1,603353444,1429604107,1
POORMAN ENTERPRISES,928,1,603357798,1431159307,1
WHITE STAR,929,1,603341880,1451466910,1
NATURAL BLESSING,930,1,603414589,1450948511,1
CANNA DELTA 9,931,1,603349991,1439540110,1
WEST COAST PRODUCTIONS,932,0,603350493,1427530506,0
HAVE A HEART,933,1,603190983,1428653706,1
SPENCER FARM,940,1,601045887,1429863306,1
HIGH ON 99,941,1,603353432,1429344907,1
GREEN THUMB GARDENS,942,1,603378575,1428999307,1
BUD NATION,943,1,603029487,1431072907,1
NIMBIN FARM,945,1,603188775,1429258507,1
LM DIGITAL,946,1,603359690,1429604107,1
FOUR ACES GROWERS,947,0,603363434,1430295307,0
GRASS,951,1,603359365,1438071310,1
SITKA PACKAGING,952,1,603352557,1429258507,1
GREENCREST GARDENS,953,1,603359600,1429863307,1
THE JOINT,954,1,603348871,1429085706,1
REDTAIL,955,1,603272533,1433232908,1
THE EVERGREEN MARKET,956,1,603350115,1427962506,1
THE KUSHERY,957,1,603359483,1428394506,1
PULA VERDE HARVEST,958,1,603354816,1465892108,1
A GREENER TODAY RECREATIONAL,959,1,603450139,1427876107,1
SACRED SAGE,964,1,603357448,1430381706,1
HERBN ELEMENTS,965,1,603354746,1429776906,1
WE'RE JUST BUDS,966,1,603404440,1434615307,1
GREEN ISLAND GROWERS,968,1,603353907,1432887308,1
TOLMAN CONSTRUCTION,969,1,603350895,1429085707,1
EMERALD HAZE CANNABIS EMPORIUM,970,1,603356406,1429258507,1
CAROL'S COUNTRY STORE,971,1,603175537,1432887308,1
SUNDOG FARMS,972,1,603351536,1477037707,1
PERECAN FARM,973,1,602968681,1433492108,1
BILLY'S GOAT (GREATEST OF ALL THINGS),974,1,603350109,1432368909,1
RMNP,975,1,603314541,1431159308,1
GROWERS OUTLET,976,1,603359644,1429258507,1
NORTH COAST GROWERS,977,1,603352173,1431418507,1
MJ PHARMS,978,1,604008122,1434096908,1
CANNA4LIFE,979,1,603448282,1430468107,1
HONOR ROLE,988,1,603456402,1433924109,1
RAINIER CANNABIS,989,1,603358064,1448356510,1
S&K GREEN GOODS,990,1,603360637,1442304910,1
SALISH SEA INDUSTRIES,991,1,603347013,1433837708,1
MARYHILL SUNSHINE,992,1,603544479,1433837709,1
THE HERBAL CENTER,993,1,603327447,1429776906,1
FLYING K FARMS,994,1,603461270,1433405708,1
SWEET GREENS NORTHWEST,995,1,603355796,1432109707,1
LOCAL ROOTS MARIJUANA,996,1,603441975,1432282507,1
CORDUS,997,1,603357132,1431764107,1
RAINIER VALLEY CANNABIS,999,1,603357696,1456218913,1
GREEN VALLEY MANAGEMENT,1000,1,603312122,1433492108,1
STARLEAF,1002,1,603350947,1439885712,1
L-TOWN ENTERPRISES,1003,1,603351138,1431159308,1
AMERIKAN WEED,1004,1,603356119,1451466910,1
"TJ'S CANNABIS BUDS, EDIBLES, OILS & MORE",1005,1,603362565,1430468107,1
SAGE SHOP,1006,1,603358125,1432887308,1
INDOOR ORGANICS,1007,1,603310651,1430900107,1
BLACK DIAMOND FARMS,1008,1,603322858,1434442508,1
GENE'S GREEN ACERS,1009,1,603348618,1434442508,1
STONEBREAKER GROWERS,1010,1,603349186,1431072906,1
GOOD WEED TERRAPONICS,1011,1,603444950,1431159308,1
DARING FARMS,1012,1,603387672,1435392909,1
THE ROOT CELLAR,1013,1,603355124,1430468107,1
CANNA PHARMZ COMPANY,1014,1,603356426,1435220108,1
TONASKET HIGH COUNTRY,1015,1,603470108,1433837708,1
KALEAFA,1016,1,603322058,1430295307,1
FOLIUM ADVENIRE,1017,0,603354087,1437207310,0
STR8FIRE FARMS,1018,1,603287438,1433319308,1
DOUGLAS COUNTY 502,1019,1,603421997,1432282507,1
FARMING FULL CIRCLE,1020,1,603339934,1455095713,1
POT OF GOLD ORGANICS,1021,1,601235447,1430900107,1
MARY JANE,1022,1,603477921,1432282507,1
ALL GREEN FARMS,1023,1,603349848,1454404514,1
CANNA HERB FARMS,1024,1,603354581,1433232908,1
PREMIER CANNABIS,1025,1,603348524,1436429708,1
OPTIMIZED PROPOGATION LIMITED LIABILITY COMPA,1026,1,603356803,1432368908,1
CAPITAL GREEN,1027,1,603357970,1436429708,1
GREATER GREEN,1028,1,603358857,1435220108,1
SQUIRES FOREST,1029,1,603357339,1431764107,1
VANCOUVER WEED COMPANY,1030,1,603360111,1433492108,1
OZ.,1031,1,603356552,1431764107,1
SOLAR JOES,1032,1,603351233,1432887308,1
KITTY'S CANNA CONNECTION,1033,1,603465988,1439021712,1
EUPHORIUM,1034,1,603354368,1442996111,1
SASQUATCH CANNABIS COMPANY,1035,1,603357933,1432887308,1
CAPITAL CITY CANNABIS COMPANY,1036,1,603357905,1431591308,1
ANCHOR BAKERY,1037,1,603178035,1435738509,1
DREAM CITY,1039,1,603333851,1437552909,1
SUNSCREEN LLC,1040,1,603444815,1443168911,1
THE GREEN SHELF,1041,1,603358682,1437207310,1
POT SHOP,1042,1,603325561,1431677707,1
MT BAKER GREENERIES,1043,1,603349152,1438071310,1
RAINBOW HAZE,1044,1,603468131,1439540110,1
SEATTLE MEDIA WORKS,1045,1,602908641,1455700514,1
HIGGS & BOSON,1046,1,603433360,1433924108,1
WALDEN,1047,1,603358545,1433405707,1
THE PLANT FACTORY,1048,1,603393795,1440749710,1
HOWLING DOG FARMS,1049,1,603353097,1433319308,1
THE GREENBLUFF GARDENER,1050,1,603350792,1437552909,1
420 PRO,1051,0,603449419,1434096908,0
THE SUNSHINE TIKI HUT,1052,1,602883407,1434442507,1
LLV GREEN,1054,1,603456272,1437207309,1
FOOTPRINT BIOSCIENCES,1055,1,603321976,1433319307,1
GREENFIELD COMPANY CANNABIS MERCANTILE,1056,1,603351392,1433924108,1
GREEN LION,1057,1,603350610,1434788108,1
ECO VENTURES,1058,1,603333684,1433492109,1
NATURAL PATHS,1059,1,603356956,1439626510,1
SWEET LEAF CANNABIS CO,1061,1,603359115,1440576911,1
CHIPPER GARDENS,1062,1,603292836,1435911309,1
WHITE RABBIT RETAIL,1063,1,603353749,1433319308,1
CLEMANS MOUNTAIN CANNABIS,1064,1,603502513,1460621718,1
D&M GREEN HOUSE 420,1065,1,600533566,1443168912,1
NEW LEAF ENTERPRISES,1066,1,603436923,1433492108,1
RGL INDUSTRIES,1067,1,601542221,1449738908,1
CANNABIS COWBOYS,1068,1,603358105,1434442508,1
I502 CANNABIS,1070,1,603183006,1437552910,1
LANO,1071,1,603354894,1435306509,1
CHILIWIST CREEK FARM,1072,1,603357106,1475914510,1
LOCALS CANNA HOUSE,1073,1,603358873,1436429708,1
JBC FARMS,1075,1,603547435,1433319308,1
ISLAND HERB,1076,1,603350439,1438416911,1
LAKESIDE CANNABIS,1077,1,603485878,1460621717,1
VERDANT CIRCLE,1078,1,603361239,1433319308,1
CRIMSONEYE FARMS,1079,1,603350836,1433492109,1
PALADIN AGRICULTURAL RESEARCH INC,1080,1,603518583,1433232908,1
PAPER AND LEAF,1081,1,603350794,1433319308,1
MARI J'S HIGHWAY POT SHOP,1082,1,603358401,1436516109,1
HESPERIDES,1083,1,603351089,1436343308,1
MILLICENT,1084,1,602083824,1467879311,1
GREEN DREAMER,1085,1,603355929,1445069708,1
TECHBUD,1086,1,603349820,1433319308,1
JANE GARDENS,1087,1,603362513,1452071711,1
STONEHENGE GARDENS,1088,1,603337713,1436343308,1
KOULEE KUSH,1090,1,603372792,1439626511,1
HILL TOP GROWERS,1095,1,600647707,1436602508,1
DENDRO,1096,1,603349282,1436343308,1
AIS,1097,1,602678423,1433319308,1
PACIFIC CANNABIS COMPANY,1098,1,603357330,1435306509,1
CANABANATCHEE,1099,1,603427862,1434442508,1
HASH DOG,1101,1,603359153,1434183308,1
DOGTOWN PIONEERS,1102,1,603358296,1436429708,1
THE HEIGHTS CONSERVATORY,1103,1,603357101,1435652108,1
PROHIBITION GOLD,1104,1,603355109,1444896909,1
SALMON CREEK SINSEMILLA,1105,1,603349555,1436429708,1
HIGH STANDARD BRAND,1106,1,600646289,1457687716,1
HAYSTACK,1111,1,603440790,1434096908,1
ALKI HERBAL,1112,1,603347808,1467101709,1
ELECTRIC BLUES,1113,1,603339154,1473495312,1
GREEN GABLE FARMS,1114,1,603375439,1472112913,1
C BLOCK GROUP,1115,1,603352661,1454750114,1
GREEN ZOMBIE,1116,1,603444994,1439972112,1
WORLD OF WEED,1117,1,603402365,1433924108,1
MJ BOTANICALS,1118,1,603360228,1440836110,1
CLANDESTINE CONSULTING,1119,1,603298485,1434701708,1
HEALING GREENS,1123,1,602304603,1470471311,1
DISCOVERY,1124,1,603382457,1439453711,1
CULT. CANNABIS CO.,1125,1,603350727,1440144912,1
THC FARM,1127,1,603358176,1472026510,1
MORELLI ENTERPRISES,1128,1,603360512,1439453712,1
ASPEN HOLLOW,1129,1,602667174,1435220108,1
DANK INC.,1130,1,603243731,1446542110,1
EMPIRE,1131,1,603491434,1434442508,1
AGRILAB,1132,1,603452711,1436516110,1
FOURDUB,1133,1,603352350,1434442508,1
ALON,1134,1,603354788,1434442508,1
LUCKY LEAF,1135,1,603351423,1436516109,1
SEVEN HILLS,1136,1,603431687,1453886113,1
HAVE A HEART,1137,1,603353637,1442564110,1
CURATIVE,1138,1,603456771,1439021713,1
AMBER BRICK,1139,1,603358861,1439453712,1
NEW HORIZON HOLDINGS,1140,1,602896089,1437207309,1
SUPERIOR HARVEST,1141,1,603359650,1445328908,1
CASCADIA CANNABIS COMPANY,1142,1,603464464,1481361343,1
JDT VENTURES,1147,1,603358144,1436861709,1
JET CITY GARDENS,1148,1,602065552,1457687717,1
GREEN CONNECTION NORTHWEST,1149,1,603353029,1445415308,1
TOPNUGGS,1150,1,603436237,1437034510,1
CANNABIS 21,1151,1,603356514,1435220109,1
RED FROG,1152,1,603347275,1436256908,1
IONIC,1153,1,603227166,1438416912,1
HORTON'S,1155,1,603345812,1435306509,1
AMERICAN MARY,1156,1,603345279,1434442508,1
STAFFYS GARDEN,1157,1,603375662,1437466509,1
KEEP IT GREEN PRODUCTIONS,1158,1,603358810,1434615308,1
GARDEN OF WEEDEN,1159,1,603358368,1438244111,1
SHANNARA,1160,1,603358120,1434442508,1
THE GREEN VAULT,1161,1,603266268,1436516108,1
PLATEAU GROWERS,1170,1,603357928,1438676111,1
SIERRA GREEN,1171,1,603446324,1456996514,1
SILVER TREES,1172,1,603392384,1472026511,1
COVINGTON MEADOWS,1173,1,600561859,1437552909,1
MT. SPOKANE HERBS,1174,1,601702554,1436343309,1
GREENLEAF PRODUCERS,1175,1,603377761,1435652108,1
THE GREEN GREEN GRASS OF HOME,1176,1,603352014,1440836112,1
EVERGREEN ACRES,1177,1,603352061,1436429708,1
CALVIN'S BEST,1178,1,600578588,1436516109,1
PRIME TIME VENTURES,1179,1,603428489,1470384910,1
KNIGHTS HEMPLAR,1180,1,603457031,1438676112,1
HYDRO PRO,1181,1,603352952,1437207310,1
LA ENTERPRISES,1182,1,603407765,1441959311,1
FRUITY PINES FARMS,1183,1,603358514,1452158110,1
HANG ROOTS,1184,1,603236108,1446106509,1
LANDRACE,1185,1,603452703,1435824909,1
GENETICS 360,1186,1,601224298,1441181712,1
OLYMPUS HORTICULTURE,1187,1,603449523,1452849311,1
PAKALOLO,1188,1,603359948,1439453712,1
PRECISION ENTERPRISES,1189,1,602130453,1478247309,1
THE KUSHERY,1190,1,603359484,1439540109,1
JACK MARTIN TWIGGS,1191,1,603359567,1442564110,1
ALL NATURAL PAIN RELIEF PRODUCTS,1192,1,603356458,1444896908,1
WA GROWER,1193,1,603359140,1438071312,1
THE VAULT,1194,1,603468634,1467188108,1
OKANOGAN NATURAL FARMS,1196,1,603353275,1438935311,1
EAGLE TREE FARMS,1197,1,602986777,1462517999,1
WHISPERING WINDS FARM,1198,1,603348910,1454750114,1
THE BAKE SHOP,1199,1,603413103,1436602509,1
GREENZONE,1200,1,603352203,1436343308,1
47 DEGREES NORTH,1201,1,603353178,1468484110,1
BROKEN J 420,1202,1,602179578,1437466509,1
OLY SMOKES,1203,1,601877314,1448442909,1
PLANTWERKS,1204,1,603269723,1438416913,1
LEEF,1205,1,603331857,1448097309,1
ECC,1207,1,603349089,1438416911,1
HANGING GARDENS OF CENTRAL WASHINGTON,1208,1,603357238,1440144910,1
GATE ORGANIC,1209,1,603356083,1436256908,1
SKYE HIGH,1210,1,603356070,1436516110,1
CACTUS BLOSSOM,1211,1,603416288,1441959310,1
TIFFANY HILLS COMPANY,1212,1,603358617,1439540109,1
STILL URBAN NURSERY,1213,1,603352553,1438071312,1
BC TL,1214,1,603353764,1437034510,1
AGROPACK,1215,1,603351400,1455700516,1
SATIVA LLC,1216,1,603354993,1441440912,1
CAVIAR GOLD,1217,1,603327223,1438244112,1
ELEMENT,1219,1,603346407,1463554799,1
CASUAL CANNABIS,1220,1,603492590,1449047710,1
R 7,1221,1,603359746,1436429708,1
EDISON AGRICULTURE,1222,1,603357926,1438416911,1
THE T.H.C. CORPERATION,1223,1,603357428,1436516109,1
MILLENNIUM MARIJUANA,1224,1,603357596,1437207310,1
CALAMITY GOLD,1225,1,603583578,1455095715,1
ESSENTIAL FLOWER,1226,1,603400583,1437812109,1
MOTHER'S OTHER GARDEN,1227,1,603446173,1444464912,1
LEAVES OF GRASS,1228,1,603354081,1439021712,1
THC PARTNERS,1229,1,603356558,1460708117,1
TOP SHELF CANNABIS,1230,1,603152679,1455095713,1
PONDER,1231,1,603353602,1439280911,1
NATURAL BLUME,1232,1,603348603,1437034510,1
DOCKSIDE CANNABIS,1233,1,603356314,1441354512,1
LOPEZ AND ORR CO,1235,1,603523330,1439540110,1
PAINTED STUMP,1236,1,603352487,1437639309,1
HIGHER EDUCATION,1237,1,603362074,1473408912,1
ABILENE PRODUCTIONS LLC,1238,1,603504320,1437466509,1
EUPHORIUM,1239,1,603354934,1437207310,1
CONTINENTAL HOLDINGS III,1240,1,603359225,1437639310,1
LADYHELM FARM,1245,1,603347705,1460189719,1
GROWING LIKE A WEED,1246,1,603352631,1438416911,1
RJB DISTRIBUTING LLC,1247,0,603358285,1439280911,0
MNO,1248,1,603348358,1444119309,1
JMR SUN FARMS II,1249,1,603350118,1439540110,1
CASCADIA,1250,1,603316053,1456823715,1
DELTA 9 GROWERS,1251,1,603345927,1439453711,1
RUCKUS,1252,1,603417470,1446279309,1
RON JOHNSON,1253,1,603362239,1440576911,1
HAIL PRODUCTS,1254,1,603454343,1438935311,1
REEFER DEN,1255,1,603358198,1440144911,1
PROPACWA,1256,1,603282772,1457428516,1
DESTINATION HIGHWAY 420,1257,1,603453957,1440144912,1
SGB,1258,1,603296353,1439972112,1
WEST COAST PREMIUM PRODUCTS,1260,1,603355138,1447924508,1
SUN GROWN ORGANIX,1261,1,603359613,1437639310,1
ANANDA WASHINGTON,1263,1,603359184,1439540109,1
PLATINUM LEAF SOCIETY,1264,1,603351118,1465287308,1
CANNA-MED,1265,1,603444503,1439626511,1
WEST COAST CANNABIS COMPANY,1266,1,602889622,1457687716,1
GROW BROS,1270,1,603349098,1469802132,1
OPEN SKY FARMS,1271,1,603358619,1438244111,1
EVOLUTION DESIGN CONCEPTS,1272,1,603084988,1439453712,1
HIGHROLR,1273,1,601777115,1446542110,1
JAMES ZELL WILLIAMS,1274,1,603472793,1439453712,1
GREEN GENESIS,1275,1,603355335,1443860108,1
OLSONS FARMS,1276,1,603408020,1439540109,1
PCF MANAGEMENT,1277,1,603261293,1440663313,1
BLACK MARKET MUSIC,1278,1,603260154,1443699959,1
SUREFIRE GROWERS,1279,1,603350643,1470125713,1
RIO NINE ELEVEN,1281,1,603356309,1468311310,1
'OH' MCDONALD FARMS,1287,1,603442979,1439280912,1
ACME ACRES,1288,1,601964673,1439626512,1
MIND BENDER ENTERPRISES,1289,1,603462732,1438762511,1
POTZZARIA,1290,1,603397311,1446887709,1
MT BAKER HOMEGROWN,1291,1,603349585,1441959311,1
HEMPZEN,1292,1,603354812,1438157711,1
SRRK GROUP,1293,1,603449913,1439280912,1
SKAGIT AGRICULTURE,1294,1,603357892,1438416911,1
OLIVER'S FARM,1295,1,600369641,1444724108,1
SACRED HERB FARMS,1296,1,603355739,1438762512,1
ROYAL GREENS,1297,1,603346619,1442391312,1
SINSEMILLA,1298,1,603340876,1474013710,1
THUNDER GARDEN,1301,1,603319733,1438676112,1
BAD ASS HERBS,1303,1,603107057,1455268514,1
BOHEMIAN ENTERPRISES,1304,1,603356188,1442909711,1
PURELY GREEN,1305,1,603360659,1443514510,1
SERENITY GARDENS,1306,1,603472396,1440663313,1
NW GROWN,1308,1,603353948,1452935710,1
OPTIMUM EXTRACTS,1309,1,603474842,1442909710,1
GABRIEL,1310,1,603357934,1441354510,1
GROOVY GREENS,1311,1,603445568,1447924509,1
CLOUD 9 CANNABIS RESEARCH,1312,1,603488608,1439626511,1
PRAXIS HOLDINGS,1313,1,603111213,1438762512,1
BELLINGHAM BUD CO.,1314,1,603345708,1443168910,1
THE CANNABIS OASIS,1315,1,603479772,1448010908,1
GOLDEN GARDENS COMPANY,1316,1,603360797,1440058511,1
PACIFIC-GREEN DISTRIBUTORS,1317,1,603309405,1444119309,1
TROVE CANNABIS,1319,1,603356887,1446020108,1
J A SWIFT ENTERPRISES,1320,1,602802969,1444896909,1
CANNA VERDE,1322,1,603428792,1439972112,1
EGS FARM,1323,1,603358014,1467360299,1
WORLD OF WEED,1324,1,603358718,1458116116,1
BULLDOG WEED,1325,1,603430056,1439626511,1
FIVE LEAVES,1334,1,603354421,1467360298,1
MAX GREEN,1335,1,603277714,1449047708,1
"GRANDMA'S GARDEN, LLC",1336,1,603354905,1469261710,1
BELLADONNA,1337,1,603360670,1440058513,1
GREENLUCK,1339,1,603444459,1454577315,1
WAMSTERDAM FARMS,1340,1,603472406,1468311310,1
NORTH BAY MARIJUANA,1341,1,603349650,1440058512,1
PLAN C FARMS LLC,1342,1,603554780,1445588112,1
NCW GROW,1343,1,603357346,1440144913,1
OUR CHURCH,1344,1,603504331,1442996111,1
GREEN CYLINDER LABORATORIES,1345,1,603454011,1465287308,1
TURTLE LAKE ENTERPRISES,1377,1,603052216,1442391311,1
BODY WORKS ALTERNATIVES,1378,1,601337452,1439885711,1
420 RANCH,1379,1,603358937,1456305315,1
U4IK GARDENS,1380,1,603563894,1445588110,1
NEW DIRECTION,1381,1,603280372,1466842508,1
FAR WEST ENTERPRISE,1382,1,603354685,1445328908,1
BLOWIN SMOKE,1383,1,603068893,1410941705,1
CANNABIS CREATIONS 509,1384,1,603350128,1443514510,1
IRON LUNG ENTERPRISES,1385,1,603427299,1440144911,1
MERT'S MARIJUANA,1386,1,603357909,1445328909,1
PARADISE VALLEY PRODUCTIONS,1387,1,603376082,1440144911,1
THE ROACH 420,1388,1,603352476,1442909710,1
WALLA WALLA WEEDERY,1389,1,603337476,1439885712,1
EXPERIENCE ORGANICS,1390,1,603296240,1460103317,1
MAYFLOWER PARTNERS,1391,1,603441624,1463554799,1
AG GROW,1392,1,603481810,1462258799,1
SAPPHIRE MEADOWS,1394,1,603512685,1441181712,1
AURUM FARMS,1395,1,603340973,1443255310,1
SYMINGTON HOLDINGS II,1400,1,603359342,1441959312,1
WALLA WALLA CANNABIS COMPANY,1401,1,603359372,1441181713,1
ALKI FARMS,1402,1,603360835,1467360298,1
DRIFTWOOD FARMS GREENBLUFF,1403,1,603349348,1467360285,1
CE GARDENS,1404,1,602805846,1443699959,1
SUNNYSIDE NORTHWEST,1405,1,603510393,1463741707,1
NORTH WEST ROOTS,1406,1,603388580,1465632907,1
SATIVA GROUP,1407,1,603356319,1440749712,1
MMS ELEMENTAL,1412,1,603318773,1439626510,1
EVERGRIN,1413,1,603360743,1466237709,1
FSG,1414,1,603274700,1472026512,1
ANTHONY GENE ROSSO,1417,1,603362248,1457082913,1
T BROTHERS BUD LODGE,1419,1,603468275,1444119309,1
LAUGHING BUDDHA,1420,1,603269925,1467793826,1
GRASSROOTS PHARM,1421,1,603359272,1440058512,1
MARPROD,1422,1,603356469,1440663313,1
CLOUD BUD,1423,1,603347614,1470212109,1
CANNAVISION,1427,1,602372988,1449652510,1
SEATTLE PURE EXTRACTS,1428,1,603477832,1446106508,1
SECRET HERB SHOP,1429,1,603503501,1441959309,1
STASH,1430,1,603415076,1440231310,1
"PURE NORTHWEST, L.L.C.",1431,1,603510277,1444724109,1
STASH,1432,1,603415110,1453886113,1
KIM SUE GLASS WORKS,1433,1,603346944,1441959310,1
HC GARDENS,1434,1,603399808,1453281312,1
LEGAL MARIJUANA SUPERSTORE,1435,1,603357323,1451640611,1
THE REEF,1436,1,603355950,1444464910,1
R&R LOGISTICS,1442,1,602601568,1468570509,1
"FARMERS DISTRIBUTORS-WA, INC",1443,1,603571704,1444724108,1
CERTIFIED GREEN,1448,1,603508172,1460621719,1
EMPYREAL CANNABIS,1449,1,603327127,1473408912,1
HOOD CANAL GREEN FARMS,1452,1,603359549,1460621716,1
DAYANDNIGHT,1453,1,603121166,1469607310,1
GRASS VALLEY PRODUCTS,1459,1,603355447,1445588109,1
FILUCY BAY FARMS,1460,1,603477197,1472112912,1
SERENITY CIRCLE,1462,1,603359322,1442909710,1
BMB,1463,1,603359079,1452935711,1
KOKUA SERVICES,1464,1,603310663,1445069708,1
STRYPS,1465,1,603492932,1450948509,1
SOLSTICE CON,1467,1,603132711,1443168910,1
CENTRALIA CANNABIS CONNECTION,1468,1,601358726,1447406111,1
BUNYON ENTERPRISE,1469,1,603350969,1464855308,1
COLUMBIA RIVER CANNABIS,1470,1,603342917,1448961308,1
MINK FARM ORGANICS,1475,1,603357862,1472719107,1
SVIN GARDEN,1476,1,603353015,1464423347,1
THE KUSHERY,1477,1,603508896,1444983308,1
BACKWOODS ORGANIC GARDEN,1479,1,603366747,1468656909,1
SKORD,1485,1,603350698,1453281314,1
420 PRODUCTS,1486,1,603351234,1447233308,1
LUSCIOUS LEAF,1487,1,603514697,1448961308,1
FARMERS FRESH,1488,1,603138440,1449652508,1
FBR SOUTH BAY,1489,1,602812643,1455786915,1
BMT INDUSTRIES,1490,1,603352077,1446714942,1
CANNABIS NORTHWEST,1492,1,603351902,1451640610,1
LESTER FARMS,1493,1,603353469,1480497394,1
THE WANDERING GOAT CO.,1494,1,603469277,1446106509,1
FOREVERGREEN,1495,1,603470797,1473927311,1
KALI PRODUCTS,1496,1,603390359,1445328909,1
NORTHWEST WONDERLAND,1497,1,603355636,1452330910,1
JJS PRODUCTIONS,1501,1,603349267,1449306908,1
GREEN POINT,1502,1,603319051,1455959713,1
MONEY ROAD,1503,1,603500284,1445328908,1
GREEN KISS,1506,0,602545982,1446542110,0
WASHINGTON MARIJUANA,1507,1,603339420,1456305313,1
TANTUS,1509,1,603348814,1446542109,1
UAHI,1510,1,603354458,1450516509,1
ALPHA TURTLE PRODUCTIONS,1513,1,603352580,1458375316,1
AARDVARK REEFEROLOGY,1514,1,603434189,1444896907,1
JACOB JAMES SATTLEEN,1515,0,602049845,1445328908,0
SWEET PACK,1518,1,603435853,1448961308,1
DAY DREAM FARM,1519,1,603178022,1446106510,1
VIVA CANNABIS,1522,1,603464282,1446714922,1
5TH HOUSE FARMS,1523,1,603423279,1458634517,1
LEAPH,1528,1,603355976,1447838110,1
NORTHWEST BOTANTICALS,1529,1,603225847,1463122799,1
OLYMPIC MOUNTAIN MAN FARM,1530,1,603353199,1463554799,1
GROWERS GUILD,1531,1,603352305,1464423323,1
HIGH-5 CANNABIS,1532,1,603404017,1448356509,1
SMRB,1533,1,603350333,1447233307,1
MAGNUM BUDS,1534,1,603409936,1476346507,1
HAPPY TRAILZ,1535,1,603358530,1464774647,1
J.E.T.,1542,1,603351194,1463741707,1
SPOCANNABIS,1543,1,603478381,1469802134,1
BAHR FARM & NURSERY,1545,1,603350468,1457082913,1
SOG,1546,1,603399199,1453540514,1
HOLY SMOKES PRODUCTIONS,1549,1,603320210,1455700515,1
TOKELAND PRODUCTS,1551,1,603460428,1451985309,1
ONE OF A KIND GENETICS,1556,1,603349542,1464423327,1
ROLLING GREEN FARM,1557,1,603242922,1466842508,1
PEA PATCH,1559,1,603354348,1453799712,1
SKAGIT ORGANICS,1561,1,603351764,1450430109,1
AMERICAN BAKED CO,1562,1,603359282,1448356511,1
THE GRANT GROWER,1563,1,602326546,1479546924,1
THE GREENERY EXTRACTS,1564,1,603359291,1451640609,1
ADE ORGANICS,1565,1,603358118,1446801308,1
B STREET BUD,1566,1,603241069,1450170939,1
WASHINGTON'S BEST,1570,1,603444609,1448356509,1
EASTERN GATE,1571,1,603352667,1450257308,1
25 TREES,1572,1,603360074,1449652510,1
PACIFIC NORTHWEST PRODUCER,1573,1,603354278,1459239316,1
ACME MEDICINALS S,1575,1,603355781,1456910114,1
THE CANNABIS SEED CO.,1576,1,601825884,1460103317,1
GREEN GROTTO,1579,1,603349171,1451380509,1
THE HEALTHY CHOICE,1599,1,603354196,1472719107,1
THRIVE,1602,1,603342314,1453886114,1
BLUEGRASS,1603,1,603317701,1458116118,1
THE LEGACY,1615,1,603359754,1448442909,1
WINTON FARMS,1617,1,603360709,1456996516,1
NEWDAY GROWERY,1618,1,603358463,1449047710,1
JDA SECURITY ALLIANCE,1621,1,603013790,1455009313,1
BEAUSOLEIL,1623,1,603354168,1467879313,1
BUDDY'S,1624,1,603359056,1461140116,1
NASTY JACK'S CANDY COMPANY,1625,1,603540096,1453886115,1
MIZPAH,1626,1,603358992,1475655370,1
SATORI,1627,1,603405451,1461913199,1
NATURE'S GIFTS,1629,1,603356189,1458116119,1
AGAPE RESEARCH WA,1630,1,603334128,1467360286,1
GREEN PLACE,1631,1,603359488,1450516509,1
MARY JANE'S,1634,1,603357880,1450257309,1
CROP CIRCLE CO,1636,1,603466714,1464941708,1
PEARL EXTRACTS,1637,1,603267615,1446542109,1
EVER GREEN,1639,1,603488870,1462604399,1
NORTH COAST CONCENTRATES,1640,1,603438285,1461399320,1
BUDCO FARMS,1642,1,603529265,1448356510,1
GEM INDUSTRIES,1644,1,603358759,1469002517,1
TREEHAWK FARMS,1645,1,603354628,1453886115,1
ODO,1646,1,603504462,1448356511,1
WASHINGTON GREEN LEAF,1653,1,603355722,1450257310,1
THE NURSERY,1656,1,603506696,1468484109,1
WIND ROSE FARMS,1657,1,603352379,1464423327,1
JACK'S CURE,1660,1,603430456,1481361352,1
PACIFIC GLO LLC,1662,1,603481005,1452071709,1
JOHNNY FARMS,1663,1,603357635,1451640609,1
MOMMA CHAN,1668,1,603350456,1478769315,1
HIGHLAND NURSERY,1669,1,603502337,1467360277,1
SWEET JANE,1670,1,603350457,1448961309,1
ROSLYN HERBS,1672,1,603354873,1472199310,1
CANNABIZ,1680,1,603342934,1454750113,1
FWEEDOM CANNABIS,1682,1,602830462,1454490913,1
LAST STOP POT SHOP,1683,1,603359491,1450430110,1
GREENX3,1684,1,603353098,1452849311,1
THE EVERGREEN MARKET OF AUBURN,1685,1,603357778,1456823715,1
FRACTAL,1686,1,603359666,1454058914,1
KEYSTONE CREATIONS,1687,1,603349167,1449738909,1
AMERICANNA NATURALS,1688,1,603353169,1472719106,1
MT BAKER GROWERS,1689,1,603355849,1452244508,1
ALTO BUDDHA,1690,1,603359029,1450257309,1
VI MEDENDI,1691,1,603346798,1452244508,1
CONTENDER GARDENS,1692,1,603353042,1469693712,1
FIVE STAR TRADING COMPANY,1694,1,603343736,1453886115,1
CHESHIRE CREEK,1695,1,603341933,1456305313,1
BERT'S BUDS LLC,1696,1,603516300,1463554799,1
CONSCIOUS CANNABIS,1697,1,603359309,1456996515,1
KIBBLE JUNCTION,1698,1,603330861,1455009314,1
DIAMOND SKY LLC,1699,1,603494731,1454577314,1
CANNASEUR'S CHOICE,1700,1,603349286,1453972514,1
PUGET SOUND CANNABIS,1706,1,603507782,1452590109,1
NORTHWEST KYND,1716,1,603351854,1464164110,1
JSM NISQUALLY,1722,1,603357902,1461140116,1
"TGR, LLC",1724,1,603550639,1461999599,1
GREEN LEAF,1725,1,603565267,1454145313,1
ROACH INDISTREES,1726,1,603498377,1470212110,1
NV ABERDEEN,1728,1,603535218,1456218916,1
"BIP NORTHWEST, LLC",1733,1,603593693,1452330909,1
BELLA JANE'S,1734,1,603359352,1468311309,1
UNAFLORA,1735,1,603349399,1472890510,1
HERBAN LEGENDS,1736,1,603443729,1452244509,1
CONNECTIONS ASSOCIATES,1738,1,603315821,1482225567,1
420 FARMS,1739,1,603413082,1452590110,1
FIVE O 2,1740,1,603362070,1457601315,1
NW CHRONICLES,1741,1,603103662,1457514915,1
EMERALD CITY GROWERS,1742,1,603357842,1464423353,1
THE M STORE,1752,1,603568340,1453540513,1
GREEN SOLUTION PLACE,1755,1,602464991,1458375317,1
BUDS UNLIMITED,1756,1,602326838,1455095713,1
BATSTONE BUD SHOP,1757,1,603439539,1456823714,1
TUMBLE WEED,1758,1,603354097,1455873313,1
GIVING TREE,1759,1,600644801,1461826799,1
OKANOGAN GOLD,1760,1,603357713,1455095714,1
MR GREEN JEANS,1761,1,603578110,1455873311,1
FILLABONG,1764,1,603560121,1456564513,1
TOP CAT ENTERPRISES,1765,1,603356024,1456478116,1
GARDEN EXTRACTS,1766,1,603478076,1458634516,1
KOHL PROCESSING ENTERPRISES,1767,1,603360666,1455786914,1
QUEEN ANNE CANNABIS CO,1768,1,603336447,1456823714,1
SOUTH COLBY INVESTORS LLC,1769,1,603367808,1461053719,1
NORTH WEST CANNABIS,1771,1,603358847,1453281315,1
OCEAN GROWN GARDENS,1773,1,603354707,1458720917,1
LTC LLC,1776,1,603359598,1455268515,1
ESHO FUNI LLC,1778,1,603569222,1454490913,1
GREEN SKY SEATTLE,1779,1,603088405,1455095714,1
THE SOURCE,1780,1,603147863,1454577315,1
WEED SNOBS,1781,1,603271533,1455182112,1
DELTA#NINE,1782,1,603350555,1475569111,1
EPHEMERAL TOAST,1783,1,603569281,1455873311,1
DIRT BROTHERS FARMS,1785,1,603356901,1466756108,1
ALASKAN GREEN ACRES,1786,1,600449039,1458893719,1
THC OF OLYMPIA,1787,1,603553806,1454750113,1
UNCLE IKE'S,1788,1,603554556,1454750115,1
THE HIGH POINT,1790,1,603356693,1454490916,1
FWEEDOM CANNABIS,1793,1,603357518,1456305314,1
EMERALD PEAKS,1794,1,603357857,1456391715,1
12/12 GARDENS,1795,1,603358780,1474013710,1
ISLAND GRO,1796,1,603542068,1466237708,1
A & J MANAGEMENT GROUP,1797,1,603294569,1455095714,1
L.A.W.,1798,1,603434220,1459325718,1
GREENHAND,1799,1,603219430,1462517999,1
"DANK'S WONDER EMPORIUM, LLC",1804,1,603350069,1458375316,1
ROCK STAR FARMS,1805,1,603515993,1460708117,1
MJ FARMS SEDRO WOOLLEY,1806,1,603606267,1460016917,1
BIOCHRON,1808,1,603466612,1459412113,1
SEATTLE TREES COLLECTIVE,1810,1,603352327,1455095714,1
CANNDO,1811,1,603327828,1458116118,1
POT STOP,1812,1,603357542,1455268514,1
"MOUNT BAKER RETAIL PARTNERSHIP,LLC",1814,1,603356892,1470212109,1
THE HERBAL GARDENS,1815,1,603326049,1455873313,1
THE GREEN DOOR SEATTLE,1816,1,603179343,1456391715,1
THE GREENHOUSE GROUP LLC,1817,1,603358312,1459498514,1
PACIFIC COAST NORTHERN,1822,1,603117016,1467101710,1
MILLENNIUM GREEN,1823,1,603475329,1457169315,1
CPC,1824,1,603558252,1457774116,1
HOMEGROWN NORTHWEST,1825,1,603560253,1457169314,1
TITAN CULTIVATION,1829,1,603336349,1461913199,1
DIESEL PROPAGATION,1830,1,603360630,1477556110,1
PACPAP,1831,1,603355810,1460708120,1
"KARMA CANNABIS, LLC",1832,1,603553753,1455873311,1
THC SERVICES,1833,1,603356562,1479910449,1
DISTRICT 420,1835,1,603560324,1455873312,1
THE JOINT,1836,1,603352618,1456910115,1
ORIGINS CANNABIS,1837,1,603562439,1455786914,1
NORTHWEST CANNABIS CONNECTION,1838,1,603228404,1455095715,1
SENSISOLUTIONS,1839,1,603352016,1455959714,1
SMOOTH SAILING VENTURES,1840,1,602864862,1461399320,1
CLOUDY FARMS,1842,1,603359426,1467793826,1
GREEN ZAP,1844,1,603549688,1456910115,1
WASHINGTON BUD COMPANY,1845,1,603348037,1460016918,1
GREENWORKS N.W.,1846,1,601995789,1465978508,1
FREMONT GARDENS,1847,1,603261183,1457428515,1
HERBAL LEGENDS,1849,1,602945536,1456478116,1
IGROW,1850,1,603444787,1469693711,1
CANNABIS PROVISIONS INC.,1852,1,603237759,1456564515,1
THE VAULT CANNABIS LLC,1854,1,603599034,1458720916,1
GREEN TIKI CANNABIS,1856,1,601502233,1469002515,1
KUSHSIDE,1857,1,603553977,1457774117,1
"GREEN LADY WESTSIDE, INC.",1858,1,603564479,1455873313,1
DEEP FLOWER,1860,1,603385879,1471421711,1
THE JOINT LLC,1861,1,603302553,1458634516,1
A RECREATIONAL MARIJUANA STORE,1862,1,603560955,1458720917,1
SPOCANNABIS,1863,1,602001052,1458375318,1
F & D MANAGEMENT,1864,1,603350552,1477642514,1
MODERN CREATIONS,1865,1,603357365,1456218916,1
DANDELION FARMS,1868,1,603454160,1468656910,1
MARLEY 420,1870,1,603064439,1456564515,1
FORBIDDEN CANNABIS CLUB,1880,1,603423202,1458375316,1
BIGTROPHY ENTERPRISES,1881,1,602020061,1458634518,1
THE 420 GRASS STATION,1882,1,603534069,1458116119,1
SUNSHINE FARMIN,1899,1,603346904,1458634521,1
EVERGREEN PRODUCTION,1900,1,603349739,1457169314,1
"8 BALL BARRISTER, LLC",1901,1,603347956,1458634518,1
OLYMPUS GROUP,1902,1,603470682,1459930515,1
ROYALE LEISURE INDUSTRIES,1903,1,603360374,1472026512,1
GROUND UP CULTIVATION,1904,1,603358616,1461053716,1
MARY JANECO,1905,1,603358352,1463122799,1
2020 SOLUTIONS,1906,1,603345115,1457169315,1
A GREEN LIFE,1910,1,603271956,1458634518,1
CHIMACUM CANNABIS,1911,1,603526246,1465038652,1
URBAN BUD,1913,1,604031394,1465632908,1
THE HERBERY,1914,1,603358535,1457687714,1
WASHINGTON AGRICULTURAL & TECHNICAL CHEMICAL,1915,1,603512250,1460708119,1
ROGUE GARDENS,1916,1,603360006,1468056353,1
KUSH,1918,1,602449032,1457082913,1
QUALITY GREEN TREES,1920,1,603355370,1481620547,1
YUKI'S,1921,1,603548112,1458029718,1
HAVE A HEART CC,1923,1,603106440,1454750113,1
PACIFIC NORTHWEST CONSULTING,1924,1,603350861,1461826799,1
DIEGO PELLICER,1925,1,603257678,1465373708,1
LIVING WELL ENTERPRISES,1927,1,603339410,1458029717,1
ALTERED STATE,1928,1,603519314,1464941708,1
SKY STANDARD GARDENS,1931,1,603476066,1462517999,1
LUDLOW FARM,1932,1,603557847,1470125710,1
APEX CANNABIS,1933,1,603326417,1461740399,1
BEAUTIFUL PLANET,1934,1,602293048,1472285711,1
GREEN RIDGE PRODUCTIONS,1935,1,603358687,1474445711,1
TRIPLE C COLLECTIVE,1936,1,603137314,1459412115,1
AMERICAN SENSI COMPANY,1937,1,603408589,1466064907,1
SUSTAINABLE ORGANIC SOLUTIONS,1938,1,603526282,1470730510,1
QUANTUM CAPITAL ADVISORS,1943,1,603441778,1460621717,1
CARINNA'S HERBS OF GRACE,1944,1,603469542,1464855308,1
MEDIGROW,1945,1,603457850,1464774641,1
AMAZINGARDENS,1947,1,603351059,1469693716,1
LOST LAKE GARDENS,1953,1,601608905,1457687715,1
STAR INTERNATIONAL RETAIL,1955,1,603447124,1460621717,1
ANACORTES NATURAL MEDICINE,1956,1,603357010,1461740399,1
MC2 SUPPLY,1963,1,602564176,1459325717,1
TRICHOME & CALYX CORP.,1964,1,603353196,1465546508,1
HYPEHERBALLY,1966,1,603306606,1459412113,1
EVERETT CANNABIS,1967,1,603558449,1465978508,1
AGRO TECHNIC,1968,1,603349829,1459584917,1
MAIN STREET MARIJUANA LONGVIEW,1969,1,603571921,1459498514,1
HOMETOWN HERBS,1971,1,603339392,1463741706,1
GREEN TOKEN CANNABIS,1972,1,603560089,1461140117,1
MAIN STREET MARIJUANA EAST,1973,1,603571920,1456305314,1
DUTCHIE LABS,1974,1,603350035,1461399320,1
JMR MARKETING,1976,1,603350970,1464164109,1
T.H.C.SUPERMARKET,1977,1,603441990,1463468399,1
PAMS PLANTS,1978,1,603350805,1463468399,1
KHUSH KUSH,1979,1,601780397,1460016918,1
CARSON UNLIMITED,1984,1,603261555,1459239315,1
CREMA DE GAIA,1986,1,603140237,1464855308,1
NORTHWEST SERVICES UNLIMITED,1987,1,603350799,1462517999,1
MARIJUANA DEPOT,1988,1,603401593,1462517999,1
NORTHWEST COLLECTIVE,1989,1,603276724,1459584918,1
AGRI-GREEN NORTHWEST,1990,1,603355200,1474100111,1
KING CRONIC,1991,1,603576580,1460103319,1
LOADED SODA,1993,1,603279141,1471594514,1
VENSPARK,1994,1,603142632,1463209199,1
THE HIGH ROAD,1995,1,603471642,1466237708,1
IGUANA INDUSTRIES,1996,1,603355351,1464855309,1
SOUND EXTRACTS,1997,1,603497890,1459584919,1
LMNOP FARMS,2000,1,603441138,1476519307,1
PURE MAGIC,2001,1,603347576,1460189717,1
FOURTY YEAR BUD,2002,1,602625737,1464164109,1
T IN T ELEMENTS,2003,1,603570082,1461913199,1
ELEMENTAL BOTANICALS,2004,1,603356461,1460189718,1
LUCID CANNABIS COMPANY,2005,1,603572590,1466237709,1
"PABLO & CO., LLC",2006,1,603569959,1461826799,1
PACIFIC NORTHWEST GREEN LEAF,2007,1,603551825,1460189718,1
NW NECTAR,2008,1,603356936,1463645709,1
BLUEDREAM,2009,1,603306289,1479546924,1
HASH WAY RECREATIONAL,2011,1,603581349,1460708120,1
BUD HUT,2019,1,603572693,1475655400,1
420 DOWNTOWN,2020,1,603549592,1463468399,1
PRR ENTERPRISES,2021,1,603355438,1473236111,1
HUMMOCKVILLE,2023,1,602625961,1462604399,1
NEXT STEPS,2024,1,603571919,1461740399,1
CANNAPOTHECARY,2028,1,603573309,1461312920,1
ROYAL GARDENS,2030,1,603352712,1464423334,1
THE WASHINGTON STATE CANNABIS GROUP,2031,1,603038927,1460708118,1
THE GRASS STATION,2032,1,603555183,1471233959,1
RADNESS LABS,2033,1,603506650,1460016919,1
PUGET SOUND MARIJUANA,2034,1,603555916,1461312918,1
SUSTAINABLE ORGANICS,2035,1,603350366,1471233959,1
DESERT VALLEY GROWERS,2037,1,603345614,1460103318,1
V.S.W.,2039,1,603568474,1461913199,1
MAGIC TIME FARMS,2041,1,603506458,1460621716,1
JMS. CONSULTANTS,2043,1,603356610,1460103319,1
WEST COAST PRODUCTIONS,2044,1,603515439,1470816909,1
EMERALD SEA OF GREEN,2045,1,603355662,1469607311,1
MJ LONG,2055,1,603571890,1470816910,1
"SWEET, EH?",2063,1,603356295,1463468399,1
GREEN FORCE PHARM,2064,1,603471100,1462345199,1
BOTANICAL ARTS,2065,1,603358264,1465373709,1
PHAT SACKS CORP,2068,1,603360363,1461053717,1
ALL ORGANICS,2069,1,603349864,1475569102,1
CALYX AND TRICHOME CREATIONS,2070,1,603355079,1467101711,1
BUDEEZ,2072,1,603568864,1461312919,1
ROYAL CANNABIS PRODUCTION AND PROCESSING,2073,1,601358843,1478247318,1
INLAND EMPIRE GROWING,2076,1,603165203,1460708116,1
YAVA,2077,1,603299661,1478682921,1
HIGH 502,2078,1,603153389,1464423368,1
KUSHMAN,2079,1,602708561,1466237709,1
ACME DIESEL,2082,1,603355820,1467101711,1
STRONG GROWERS,2083,1,603163853,1466669709,1
R2 KUSTOMS,2084,1,603359149,1461740399,1
GREEN ENVY,2085,1,603350765,1460794519,1
TWENTY PLUS,2086,1,603339263,1473408911,1
GREEN LIGHT BAKED GOODS,2089,1,603350999,1469802133,1
WASHINGTON RETAIL PARTNERS,2092,1,603568834,1463554799,1
GREEN PEAKS N.W.,2093,1,603564955,1475569163,1
DID CROPS,2096,1,603357644,1387353599,1
KITTITAS VALLEY RANCH,2097,1,603356565,1469607311,1
THE HAPPY CROP SHOPPE,2098,1,603422953,1466842508,1
CENTRAL BUSINESS DISTRICT,2099,1,603357133,1476951308,1
CANNAZONE,2100,1,603354800,1469607309,1
SWELL FARMACY,2108,1,603528037,1469175310,1
SIMPLY CANNABIS,2109,1,603587937,1463209199,1
BB&B,2110,1,603355863,1463554799,1
MEII,2111,1,603374516,1461740399,1
LOVELY BUDS,2112,1,603587790,1463468399,1
PLEASANT VALLEY,2115,1,603358196,1463468399,1
THE EVANS GROUP,2116,1,603470724,1478855724,1
THE ORGANIC WEEDMAN,2121,1,603353578,1463645708,1
COLUMBIA GROWN,2126,1,603356284,1464423364,1
21+ RECREATIONAL MARIJUANA,2131,1,603583006,1463645708,1
SWEETEST RELIEF,2132,1,603586169,1461913199,1
BOTANIMAX,2133,1,603016614,1469261709,1
RITUAL CANNABIS,2134,1,603417786,1469002517,1
ADVANCED AGRICULTURE,2135,1,603024770,1465467527,1
SWEET AMBROSIA,2136,1,603310777,1467360299,1
FREYA FARM,2138,1,602772697,1473927310,1
THE FIRE HOUSE,2139,1,603587731,1463645708,1
WILDFIRE CANNABIS COMPANY,2140,1,603432715,1464774649,1
CULTURED ELEMENTS,2141,1,603449782,1467101711,1
TPCB VENTURES,2143,1,602950916,1466237708,1
CALDWELL CANNABIS,2144,1,603350830,1463741705,1
MOONLIT FARM,2145,1,603485762,1466756108,1
ANCIENT HERB,2146,1,601172971,1462517999,1
CULTIVAR FARMS,2147,1,603348577,1474618512,1
SUPER NATURAL,2153,1,603357059,1463468399,1
A-ACTION GROUP UTILITIES,2154,1,602141703,1469261711,1
EMERALD MOUNTAIN,2155,1,603114324,1468397709,1
THC CONNECTION,2156,1,603553938,1463554799,1
JK GROUP,2157,1,603598900,1472026512,1
BLACK DIAMOND CANNABIS,2159,1,603337732,1467101711,1
ARCHANGEL BOTANICALS,2165,1,603375239,1472112911,1
SATORIMJ,2166,1,603589184,1472112910,1
SWEET RELEAF,2168,1,603579856,1462949999,1
FIVE POINTS OF PIERCE COUNTY LLC,2169,1,603447713,1465038652,1
TONASKET GROWERS,2172,1,603565306,1463741706,1
CANNABIS STATION,2173,1,603358385,1472026510,1
CUSTOM CULTIVATORS,2174,1,603350015,1467101709,1
PUGET SOUND CANNABIS COMPANY,2175,1,603585993,1464423370,1
MAMA J'S,2179,1,603332054,1472804111,1
FLOURISH FARMS,2186,1,603508327,1466842508,1
IT IS LIT 2,2187,1,603580889,1480410951,1
GROWPRO,2188,1,603335664,1470471309,1
CANNATRATE LABS,2189,1,603353267,1463122799,1
ALL NATURAL PRODUCTS,2190,1,603349783,1473754514,1
MARI MART,2193,1,603577140,1464774663,1
SUSTAINNABIS COMPANY,2194,1,603337657,1463554799,1
LOVE FAMILY FARMS,2195,1,602183540,1465892108,1
GOOD TO GROW,2196,1,603270502,1473927310,1
VERT CORPORATION,2197,1,603357031,1467101711,1
HIDDEN JOINT,2198,1,603592699,1463468399,1
LUCID CHENEY,2199,1,603349837,1466237708,1
CENTRAL PROCESSORS,2200,1,603360557,1462949999,1
DADANKO,2201,1,603583159,1469175310,1
DENNIS FARM,2203,1,603506970,1474532112,1
THE HIGH END,2205,1,603355446,1465467527,1
AGRI MGT CORP,2206,1,603358583,1464855308,1
RIDGEVIEW FARMS,2207,1,603498467,1464855308,1
OSO FINE,2210,1,603504663,1464423359,1
NIRVANA CANNABIS COMPANY,2211,1,603359191,1464423370,1
BE KIND BUDS,2212,1,603299104,1465632908,1
ACME DIESEL,2215,1,603355795,1467188109,1
EVERGREEN NIRVANA,2216,1,603346419,1465978508,1
WASHINGTON SOURCE,2217,1,603335411,1463554799,1
BEST SOURCE PRODUCERS,2220,1,603356127,1465373708,1
BANGIN' GLASS,2223,1,603327102,1465978508,1
SWEET RELIEF BOUTIQUE,2224,1,603588182,1464423370,1
JARON PRODUCTIONS,2225,1,603457759,1464423350,1
KANEHCO,2226,1,603543111,1466237708,1
BOTANICAL MADNESS,2236,1,603498541,1465546508,1
FLYING EAGLE FARM,2237,1,601182942,1465038652,1
EARTHCRAFT FARMS,2238,1,603512118,1468570509,1
PURE CANNASEUR,2239,1,603351772,1464423323,1
KITSAP CANNABIS,2253,1,603594581,1461826799,1
IHPP CORPORATION,2254,1,603565313,1461826799,1
LAUGHING MAN FARMS,2255,1,603490070,1469693717,1
GREEN HEALTH ORGANIZATION,2256,1,603107000,1467793821,1
SEATTLE SOUND,2257,1,603344155,1467360298,1
GOODIES,2258,1,603354756,1467101711,1
REVOLUTION HERBAL ENTERPRIES,2259,1,603349853,1467793826,1
SNOWCREST,2260,1,603358999,1466237709,1
TACOMA HOUSE OF CANNABIS,2262,1,603518895,1475655396,1
AUDYSEA LLC,2263,1,603579263,1465978508,1
RLG FARMS,2270,1,602372673,1467360298,1
WICKED DELIGHTS,2271,1,603358990,1479546915,1
PAULS POT FARM,2272,1,603480183,1472719272,1
JEFFERSON'S OWN,2273,1,603375457,1467793822,1
TRANQUIL FOREST,2274,1,603354514,1473236111,1
RAINBOWS ALOFT,2276,1,603349903,1466842507,1
PEND OREILLE CANNABIS CO,2277,1,603559078,1474964110,1
CANNABIS PROVISIONS INC. MUKILTEO,2279,1,603304206,1466842508,1
DR. BUBBERS,2288,0,603357462,1452142799,1
MJ'S POT SHOP,2289,0,600607898,1412135999,1
BUDD BAY GARDENS,2290,1,601701815,1465978508,1
VISCRO HOLDINGS,2291,1,603359409,1461297599,1
CMJ GROWERS,2295,1,603359240,1468916112,1
P.N.W. GROWERS,2296,1,603476064,1466237708,1
EXPONENTIAL 3,2297,1,603578120,1471594510,1
AG DEVELOPMENT GROUP,2300,0,601840556,1433217599,0
WHIDBEY ISLAND CANNABIS COMPANY,2301,0,603082269,1404705599,0
GREEN ISLAND ORGANICS,2302,1,603357795,1465287309,1
"ALLIANCE 502, LLC",2303,1,603525670,1462517999,1
SWEET RELIEF,2304,1,603578490,1465287309,1
4EVERGREEN TREES,2305,1,603353286,1472719106,1
WA WEED,2309,1,603484679,1465287308,1
WINDY RIVER RESEARCH,2310,1,603355832,1467793821,1
LUCKY DEVIL FARMS,2311,1,603313653,1469693713,1
PLAUSIBLE PRODUCTS,2313,1,603565070,1472544912,1
OGZ FIRE WEED,2316,1,603360771,1465467528,1
CRAFT CANNABIS,2317,1,603563483,1467101710,1
GIGGLE BUSH,2320,1,603359611,1468570509,1
CANNABIS SWEET RELIEF,2321,1,603594158,1467360283,1
GREEN2GO,2322,1,603303136,1465373708,1
GREEN MANUFACTURING,2323,1,602137273,1470384911,1
MARIGOLD,2324,1,603003207,1481620530,1
UNCLE IKES,2325,1,603561700,1465373708,1
NORTHWEST PREFERRED,2330,1,603502254,1472890511,1
GREEN VOLCANO HEMP PRODUCTS,2331,1,603435073,1465892108,1
SEEDLESS FARMS,2334,1,603424525,1481620534,1
EVERI GREENE,2335,1,603352748,1471594511,1
GREENMED LABS,2336,1,603143960,1469175309,1
VALLEY CULTIVATIONS,2337,1,603445506,1471421711,1
R&W CANNABIS,2338,1,602613463,1476778508,1
BETTER BUDS,2339,1,603592436,1468656909,1
KUSH GARDEN,2342,1,603523847,1472804112,1
502 DISTRIBUTION,2347,1,603356085,1469520910,1
SWEET DREAM GARDENS,2352,1,603360905,1469261711,1
ETTA'S HERBALS,2354,1,603350868,1469520909,1
BRADFORD FARMS,2360,1,603360539,1469002517,1
EMERALD FLASH,2361,1,603357359,1470298511,1
CUTIE JUDY'S CANNABIS COMPANY,2362,1,603382029,1468056354,1
FLORA BOTANICALS,2364,1,603355014,1467793826,1
LLOYD & WILLIAMS,2365,1,603488504,1467793825,1
EMERALD CITY ORGANICS,2369,1,603449511,1471594514,1
CANNABIS TREE,2375,1,603585988,1464423370,1
GORILLA GARDENS,2377,1,603510267,1467360298,1
CANNABIS & GLASS,2380,1,603570074,1464774597,1
GREEN MOUNTAIN CANNABIS,2381,1,603563898,1467793821,1
SUNSET GROWER,2392,1,601073863,1472285710,1
"BOTANY 5000, INC",2393,1,603543541,1472112912,1
GRASSIN FARMS,2394,1,603358061,1478596518,1
PACIFIC CROWN CULTIVATION,2395,1,603350304,1474704911,1
EMERALD ZONE,2396,1,603355834,1469261710,1
THE LUCKY LEAF,2397,1,603572717,1480756544,1
FREELAND CANNABIS COMPANY,2398,1,603601846,1468570509,1
SKY RIDER,2401,1,603526644,1469693715,1
IT IS LIT,2408,1,603580900,1469002517,1
CREME OF THE CROP LLC,2409,1,603355310,1474445710,1
BUD HUT,2410,1,603602643,1478333718,1
WICKED HILLBILLY,2413,1,603554545,1478160912,1
MT GREENIER FARMS,2414,1,603473447,1468484110,1
SOUND CANNABIS,2415,1,603476806,1472285711,1
MARIJUANA CLUB 99 LLC,2417,1,603587119,1482225560,1
PAPS 1,2425,1,603350852,1473322511,1
HEMP MASTERS 2,2426,1,603356698,1473408911,1
PACNWGREEN,2427,1,603550205,1472804112,1
NSK CANNABIS,2429,1,603354910,1477728909,1
HELLS CANYON CANNABIS COMPANY,2430,1,603440611,1468916111,1
UNITED WESTERN GREEN,2433,1,603484858,1476346506,1
WMF INDUSTRIES INC,2434,1,603480219,1471940111,1
NINJA GARDENS,2438,1,603357155,1472026512,1
HIGHLAND GARDENS,2439,1,603358964,1475655368,1
CANNA PROCESSING,2440,1,603477216,1471335311,1
1492 PRODUCTIONS,2441,1,603352483,1471335310,1
JR'S,2451,1,603504143,1474618511,1
GREENLEAF GROWERS,2452,1,603344992,1472026511,1
MARIJUANA MART,2453,1,603336094,1469261711,1
#1 POT STOP,2454,1,603217068,1471594515,1
SIDEWAYS GREEN,2455,1,603526925,1469802133,1
GORGE GROWN FARMS,2456,1,603358762,1481706948,1
ROYAL HIGHNESS,2457,1,603355358,1472285710,1
TJ'S ORGANICS,2459,1,603358152,1481620579,1
GREENLEAF ENVIRONMENTAL,2462,1,603347387,1470125713,1
GOOBIE'S DOOBIES,2468,1,603576471,1472804112,1
BELLINGHAM MARIJUANA,2472,1,603596606,1472285710,1
GREEN GOLD TRUST,2473,1,603177662,1470730510,1
BELLWETHER ENTERPRISES,2474,1,603354936,1477037708,1
EMERALD PEAKS GARDEN,2478,1,603460528,1471335310,1
FLOYDS,2479,1,603571075,1474100112,1
BLUE MOOSE,2488,1,603342980,1473927310,1
HANNAH INDUSTRIES,2489,1,603352809,1475569110,1
W.V.S. LLC,2490,1,603568472,1480756577,1
HOAK GREEN,2491,1,603318390,1471421711,1
COUGAR MOUNTAIN GREENS,2496,1,603363231,1475655384,1
RIGHTPATCH WA,2497,1,603331495,1481102147,1
BLUE STAR CK,2498,1,603350903,1473754511,1
A NEW LEAF,2500,1,603322010,1472199312,1
NECTAR,2504,1,603384280,1470384909,1
FIREBROS,2508,1,603483202,1469802134,1
PACIFIC BOTANICAL,2509,1,603327679,1479374125,1
MARIJUANA MART,2513,1,603351341,1472026514,1
CARLA'S FARM,2518,1,603359849,1477037708,1
TKO RESERVE,2519,1,603350757,1472890510,1
BEST QUALITY GARDENS,2533,1,603580029,1472804112,1
TRACTOR AND HORTICULTURAL CONTRACTORS,2534,1,603358250,1474704911,1
JEV ASSOCIATES,2538,1,603355322,1473754513,1
WASHINGTON STATE CANNABIS,2539,1,603353951,1471335310,1
NUGS,2548,1,603360407,1472199312,1
TOKELAND GROWING,2552,1,603354943,1472112912,1
ERHART CANNABIS CO,2555,1,603447557,1474445710,1
GREEN 2 BLACK,2556,1,603166834,1473495312,1
BEACON FARMS,2569,1,603357478,1479374126,1
BONANZA BUDS,2570,1,603434198,1474704912,1
EMERALD CITY CRONICS,2571,1,603550270,1475741708,1
CANNABIS SUPER STORE,2579,1,603546266,1473754510,1
"LEGENDARY LABORATORIES, LLC",2583,1,603548031,1475655338,1
WAY KOOL,2587,1,603450608,1470903311,1
ABSOLUTE OILS,2588,1,603467069,1481361341,1
LOCALS INDOOR GARDEN,2591,1,603570415,1482225570,1
TANJ FARMS,2595,1,603579181,1477642512,1
KETTLE RIVER PROCESSING,2599,1,603496667,1475655380,1
FORBIDDEN FLOWER,2600,1,603590587,1475914511,1
SKY HIGH POT SHOP,2605,1,603600674,1480756559,1
GREEN & GOLD,2609,1,603269171,1477642511,1
JAG 15 INC,2610,1,603440939,1479201313,1
CANNABIS PROVISIONS EAST,2611,1,603185421,1478855710,1
TRU GREENTHUMB,2612,1,603559971,1479979546,1
WAUTOMA VALLEY,2625,1,602519759,1476864907,1
GANJA BUDS,2626,1,603472596,1477728910,1
CANNA-BEST,2635,1,603400204,1481274976,1
MAGIC TREE COLLECTIVE 206,2638,1,603219449,1478160915,1
ONE LOVE COLLECTIVE LLC,2643,1,603492927,1478769316,1
2020 SOLUTIONS ON PACIFIC HIGHWAY,2644,1,603572346,1479910639,1
PMR INDUSTRIES LLC,2685,1,603550785,1481015727,1
THE WERC SHOP WA,2686,1,603334588,1478769312,1
THE MIDNIGHT GARDNER,2693,1,603356790,1481102169,1
COOPERATIVE02,2742,1,900000002,1476432908,1
COOPERATIVE03,2779,1,900000003,1476432908,1
COOPERATIVE04,2780,1,900000004,1476432908,1
COOPERATIVE25,2785,1,900000025,1477124107,1
BILLOWS OF HAZE,2787,1,603605054,1481015710,1
COOPERATIVE11,2789,1,900000011,1477124107,1
COOPERATIVE01,2793,1,900000001,1477988112,1
DOSE OIL,2796,1,603526838,1407399304,1
BLF NORTH,2810,1,603350307,,1
GRAVITY THIEVES,2821,1,603579809,1433492109,1
COOPERATIVE32,2826,1,900000032,1481015737,1
COOPERATIVE29,2848,1,900000029,1481793343,1
